Período,Região,Valor PVP (Ambulatório),Nº Embalagens (Ambulatório),Preço Médio por Embalagem (Ambulatório),Valor PVP (Genéricos),Nº Embalagens (Genéricos),Preço Médio por Embalagem (Genéricos)
2011-01,Alentejo,8407221.91,560492,14.999717944234709,2187532.16,168551,12.97845850810734
2011-01,Algarve,6321402.15,395084,16.00014718389001,1436135.96,104519,13.74042958696505
2011-01,Lisboa,58846110.080000006,3987595,14.757293576704757,13340524.259999998,1120887,11.901756608828542
2011-02,Alentejo,8277177.61,543203,15.237724405056674,2149086.22,165151,13.01285623459743
2011-03,Alentejo,9255034.53,600621,15.409109122058668,2398158.4600000004,184774,12.978873975775816
2011-04,Lisboa,58350075.61000001,3809054,15.318784036666324,13115124.7,1105372,11.864896794925146
2011-04,Norte,49774192.32000001,3359645,14.815313022655669,11995957.37,1007665,11.904707784829283
2011-06,Alentejo,9300041.399999999,585958,15.871515364582441,2348128.21,185434,12.662878490460217
2011-08,Norte,50638430.19,3375183,15.003165810564937,12183022.02,1111166,10.964178187597533
2011-09,Lisboa,60577956.02,3892287,15.563589226590949,13478379.739999995,1252237,10.763441537025335
2011-10,Lisboa,62721630.26,4232741,14.818206514407567,13381287.450000001,1285476,10.409597262025896
2011-11,Centro,45819270.919999994,3043900,15.052817411872924,10076826.81,941081,10.707714649429752
2011-11,Norte,53363149.57,3696743,14.435179716307031,12438535.899999999,1227067,10.136802554383745
2011-12,Lisboa,66925799.57000001,4347025,15.39577057182786,14451773.420000004,1423055,10.15545669000847
2011-12,Norte,57074587.500000015,3879526,14.71174249122187,13286768.000000002,1318058,10.080563981251206
2012-01,Alentejo,8640514.250000002,575687,15.009048753923576,2078240.7000000004,201815,10.297751405990637
2012-02,Norte,49912513.3,3670468,13.598405789125527,11534036.949999997,1272085,9.067033217119922
2012-03,Centro,44383666.17000001,3124395,14.20552336372322,9554017.16,1027953,9.29421594177944
2012-05,Centro,42102022.449999996,3110426,13.535773701094318,8750057.29,1032920,8.471185851760058
2012-06,Lisboa,51241316.05,3737554,13.709853034899295,10434893.55,1329156,7.850766614302611
2012-07,Algarve,6025923.63,409610,14.711368448035936,1106111.67,132086,8.37417795981406
2012-08,Alentejo,7114841.72,560306,12.698135875753605,1490406.4499999997,212268,7.021343066312396
2012-08,Algarve,6101297.6,438959,13.899470337776421,1097693.36,144502,7.596388700502416
2012-08,Centro,38389750.099999994,3013811,12.737942127094232,7383826.1,1046704,7.05435930310766
2012-08,Lisboa,47224872.830000006,3669952,12.867981060787718,9297883.62,1347319,6.901026126700506
2012-10,Alentejo,7528176.529999999,610989,12.321296340850653,1581620.7300000002,230152,6.872070327435782
2012-10,Norte,48624349.03999999,4146583,11.726365790821019,10016484.89,1505556,6.653013830106619
2012-11,Algarve,5671390.44,407105,13.931026246300096,1051822.66,139480,7.541028534556925
2012-12,Alentejo,6750490.89,542636,12.440182534885263,1488565.75,213702,6.965614500566209
2012-12,Algarve,5600200.48,399633,14.013358456383733,1060742.03,139501,7.603831011964072
2012-12,Norte,44413197.71,3704612,11.988623291723938,9542867.23,1425137,6.696105167433026
2013-01,Alentejo,7311897.7700000005,596377,12.260529446977332,1652571.0,237206,6.966817871386053
2013-01,Algarve,5735990.530000001,422287,13.58315678673509,1135031.22,150168,7.558409381492728
2013-01,Centro,38686864.51,3155776,12.259065443808431,7999196.7,1164016,6.872067651991038
2013-01,Norte,46224309.260000005,3937278,11.740169035562133,10301278.18,1539772,6.690132162424047
2013-03,Alentejo,6877117.1899999995,565458,12.162030053514142,1594421.35,227748,7.000813838101762
2013-03,Norte,43491612.05,3701323,11.750288221265746,10056900.32,1475228,6.817183730243732
2013-04,Algarve,6181615.299999999,446677,13.839117080127249,1235293.8599999999,159515,7.744060809328276
2013-05,Alentejo,7952386.609999999,635920,12.505325528368347,1890475.0000000002,258737,7.306550667279903
2013-05,Algarve,6396078.460000001,460995,13.874507228928731,1300501.9500000002,166448,7.813262700663271
2013-05,Lisboa,60099793.480000004,4752679,12.645456063832631,13518243.610000001,1847753,7.316044736498872
2013-08,Lisboa,49474081.120000005,3864671,12.8016281644673,11467710.13,1531782,7.486515790105903
2013-09,Algarve,6033968.04,428282,14.088773378288137,1253366.5,154690,8.102440364600168
2013-10,Centro,42684665.18000001,3414750,12.500084978402521,9495633.100000001,1282408,7.404533580576541
2013-11,Alentejo,7475720.420000001,597505,12.511561275637861,1862358.2200000002,247287,7.531161039601759
2013-12,Alentejo,7330401.869999999,588009,12.46647903348418,1849912.4299999997,248327,7.449501785951587
2013-12,Norte,48451636.489999995,4041987,11.987083701654655,11984072.61,1663102,7.20585544963568
2014-01,Centro,42039590.839999996,3421916,12.285395328231317,9668102.170000002,1331959,7.2585583865569445
2014-02,Alentejo,7050309.540000001,581779,12.118535629508802,1782267.8499999996,243070,7.332323404780515
2014-02,Lisboa,54056737.510000005,4410972,12.255062491895211,12792609.73,1753584,7.295122292402303
2014-02,Norte,45662788.27000001,3891283,11.734635663867165,11355313.920000004,1596076,7.114519559218987
2014-04,Alentejo,7089014.559999999,575848,12.310565565913224,1835807.7599999998,247438,7.419263653925427
2014-04,Norte,45840943.970000006,3858620,11.880139523974893,11594025.370000001,1625293,7.133498618402959
2014-05,Lisboa,57578677.72999999,4639579,12.410323809552546,13941457.19,1892161,7.368007896791023
2014-05,Norte,48699262.32,4115490,11.833162593032664,12390933.899999997,1732308,7.152846895586695
2014-07,Algarve,6533261.550000001,480851,13.586873168611485,1393134.71,179564,7.758429919137466
2014-07,Lisboa,58530587.29000001,4683175,12.49805682896753,14163282.709999999,1925502,7.355631263950907
2014-09,Centro,39771091.92000001,3190446,12.465684083040431,9272194.129999999,1277716,7.2568506068641225
2014-10,Norte,51247452.370000005,4408263,11.625316450039392,12784054.630000003,1818341,7.030614516199108
2014-11,Algarve,5844153.3,427473,13.67139749177141,1227822.7599999998,160870,7.632391123267233
2014-12,Norte,49245409.559999995,4157340,11.845413067009192,12395554.250000004,1769979,7.003221083413986
2015-03,Alentejo,7533229.660000002,625884,12.036143534584687,1956483.0500000003,271536,7.2052436877614765
2015-04,Alentejo,7336848.250000001,601911,12.189257631111579,1894109.0199999998,260595,7.268401235633837
2015-05,Alentejo,7216634.149999999,596134,12.10572480348378,1860989.74,255349,7.288024390148385
2015-05,Lisboa,55457457.51,4485389,12.364024059005807,13429725.420000002,1834176,7.3219393449701675
2015-08,Alentejo,6744715.789999997,552008,12.218510945493538,1766004.4799999997,240707,7.336739189138662
2015-08,Lisboa,48616734.53000001,3892364,12.490284703588875,12023804.829999996,1629381,7.37936972997721
2015-08,Norte,44401242.8,3731844,11.897936462510222,11393044.230000002,1608463,7.083187011451306
2015-09,Lisboa,54136161.69000001,4353748,12.434381064315163,13294465.699999997,1795708,7.403467434571766
2015-09,Norte,47493261.03999999,4011521,11.839215359959475,12169681.740000002,1712249,7.107425228456844
2015-10,Algarve,6211225.4799999995,459062,13.530254039759335,1309467.9000000001,169197,7.739309207610065
2015-10,Lisboa,59256541.94,4831151,12.265512284753674,14240814.21,1941731,7.334081914539141
2015-10,Norte,51744826.48000001,4427102,11.688193874909594,12932606.44,1832593,7.056998711661564
2015-11,Centro,40026021.330000006,3204251,12.491537438858568,9308605.049999999,1277447,7.286881608395494
2015-12,Alentejo,7376362.890000001,597972,12.335632588147941,1924673.6699999995,261866,7.349841789312089
2015-12,Algarve,6249066.139999999,458066,13.642283295420308,1327900.1800000002,172581,7.694359054588861
2015-12,Norte,50013584.93000001,4198673,11.91175996082572,12663872.480000002,1788982,7.078814923794651
2016-01,Alentejo,7007755.630000001,577710,12.130230790535045,1836777.9,251836,7.293547785066472
2016-02,Norte,47206295.199999996,4064743,11.613598990145256,12152080.47,1728378,7.030915962827576
2016-02,Lisboa,54928188.150000006,4511767,12.174429253549663,13527725.98,1853722,7.297602326562451
2016-03,Centro,40827082.01,3346254,12.200831739013235,9783017.15,1353680,7.226979160510608
2016-03,Alentejo,7454137.01,618654,12.048959531499028,1985632.41,270122,7.350872605711493
2016-05,Norte,49272624.3,4251475,11.589536407952533,12753894.14,1817264,7.018184556564154
2016-05,Alentejo,7411072.79,617344,12.004770095765084,1963405.55,268150,7.322041954130151
2016-06,Centro,38875238.16,3158346,12.308733166030573,9275510.67,1277347,7.261543394238214
2016-06,Algarve,6106136.04,454022,13.448987141592259,1297332.49,168106,7.717347923334087
2016-07,Algarve,6340100.6899999995,471792,13.438338695865975,1340793.14,173946,7.70809987007462
2016-08,Lisboa,49959715.400000006,4027324,12.405189003914263,12379770.81,1682402,7.35839045008268
2016-09,Norte,47672958.68,4053975,11.759559119136156,12327800.78,1751239,7.039473641233435
2016-09,Algarve,6088075.78,449981,13.529628539871684,1285383.55,168157,7.643949107084451
2016-10,Lisboa,56996794.059999995,4659443,12.232533815737202,13685451.37,1881875,7.272242508136832
2016-10,Alentejo,7278526.37,602086,12.08884838710749,1907439.99,260601,7.319388605569434
2016-11,Norte,50306177.5,4304823,11.686003698642198,12641844.06,1814105,6.968639665289496
2016-11,Lisboa,57266180.89,4687495,12.21679828778484,13703893.48,1890153,7.250150374070247
2016-12,Norte,49662580.11,4296457,11.55896128135345,12524095.31,1819302,6.884011181211256
2016-12,Alentejo,7290850.58,606018,12.030749218670072,1886510.56,261768,7.206803581797622
2017-01,Centro,41606460.24,3408429,12.206931768272128,9776135.38,1377195,7.098584717487357
2017-02,Norte,45499990.76,3895224,11.680968991770435,11530455.82,1657114,6.95815485235174
2017-02,Centro,36913403.11,2993165,12.332565398165487,8625496.47,1204522,7.160928957711026
2017-03,Norte,52993851.69,4525305,11.710559109275508,13388027.86,1922175,6.9650410914719
2017-03,Algarve,6603166.42,495266,13.332565570824567,1377628.58,181284,7.599283886057236
2017-04,Norte,45644258.85,3887786,11.740424717306972,11727116.24,1672669,7.011020255651298
2017-05,Lisboa,58624152.92,4753570,12.332657964435151,14364718.18,1954811,7.348392340742915
2017-07,Lisboa,57779680.250000104,4674208,12.361384056935444,14315109.140000056,1946970,7.352506273851192
2017-08,Lisboa,50701552.03999974,4096003,12.378299537378204,12665154.159999995,1721528,7.356926033151941
2017-09,Norte,48658381.08000015,4121721,11.805355355202389,12646570.259999994,1797043,7.037433305713884
2017-10,Centro,41727505.53000009,3373133,12.370548546410738,9875614.17,1372309,7.1963487596452405
2017-12,Norte,49414290.8900009,4239830,11.654781179906012,12747449.639999988,1834954,6.947013189431445
2017-12,Alentejo,7043890.229999997,578778,12.170279848231958,1895591.8000000047,258122,7.3437823974709815
2017-12,Algarve,5944013.910000014,446737,13.305398724529228,1292896.869999998,171034,7.559297391161979
2018-01,Norte,53605469.68,4641393,11.54943562848481,14017978.379999977,2019908,6.939909332504241
2018-01,Lisboa,60044177.87,5014923,11.973100657776799,15071844.21000001,2086751,7.22263662986145
2018-01,Alentejo,7685987.85,643772,11.938990589836152,2107975.8500000113,288264,7.312657321066839
2018-02,Alentejo,8034385.72,669926,11.992945071545215,2213828.13,300408,7.36940470959495
2018-03,Norte,52052356.03000013,4437674,11.72964846674184,13696528.520000076,1941468,7.054727927527044
2018-04,Alentejo,8371944.45,688265,12.16383871038045,2298967.34,307849,7.46784085704355
2018-05,Lisboa,58638507.27000001,4807357,12.197660225774788,14869810.890000068,2012975,7.386982396701433
2018-06,Centro,41417965.2300005,3321707,12.46887977476656,10159315.810000002,1392500,7.2957384631956925
2018-07,Alentejo,7650528.009999997,624246,12.255630008041697,2117229.3699999885,281526,7.520546485937315
2018-07,Algarve,6848111.299999977,514821,13.301926883324452,1536607.8200000008,198560,7.738758158742953
2018-11,Alentejo,8865877.290000016,722217,12.275918858182536,2449851.7200000007,324665,7.545783253507464
2018-12,Lisboa,60488787.65999986,4934987,12.2571321180785,15336463.23999999,2075292,7.390026675764177
2018-12,Alentejo,8537575.970000016,689064,12.390105955324927,2342203.909999996,309442,7.569120901493643
2019-01,Alentejo,9249780.990000017,758855,12.1891283446772,2522630.28,339335,7.43404093300131
2019-02,Norte,57721778.90000008,4883391,11.82001992058389,14927620.150000053,2116397,7.053317572270256
2019-02,Centro,31045411.170000147,2456309,12.639049553618925,7340313.180000001,1011727,7.2552310850654385
2019-02,Alentejo,8412256.340000011,687731,12.23189930365217,2272208.0500000003,306166,7.421490465956378
2019-03,Centro,42368394.97000016,3351145,12.64296082980598,10220342.609999994,1403745,7.280768665249026
2019-04,Norte,52023799.38000009,4313831,12.059767612593097,13600970.480000049,1916163,7.098023748501588
2019-04,Algarve,6552156.970000014,486667,13.463327018269194,1466967.7899999982,189920,7.724135372788533
2019-07,Centro,46398136.19000051,3621783,12.810854816536636,11237528.120000057,1530782,7.341037535063815
2019-07,Lisboa,64843719.100000136,5143897,12.605952082633097,16348006.020000027,2196016,7.444392946135196
2019-08,Norte,51601963.210000835,4187019,12.324272521811062,13479300.870000016,1898317,7.10065856756275
2019-08,Lisboa,54209096.980000146,4277002,12.674554975658218,13753431.520000003,1859756,7.395288156080692
2019-09,Alentejo,7393552.459999981,587163,12.591993126269845,1991516.4399999962,267144,7.454842481957282
2019-12,Norte,55987717.08999978,4578424,12.228600297831695,14212335.609999994,2003871,7.092440386631671
2020-01,Norte,58942893.38000045,4816266,12.238296925460606,15015974.990000034,2126139,7.062555641940642
2020-01,Alentejo,8234428.809999971,653057,12.609050680109043,2182151.3199999942,293723,7.429283100063646
2020-02,Lisboa,60597289.800000265,4804078,12.613718969592139,14835569.290000062,2019501,7.346155951395945
2020-02,Alentejo,7557262.479999992,600543,12.584048902409972,1997931.8200000061,269431,7.4153746970467616
2020-03,Centro,54829935.920000456,4104093,13.35981809379087,12897259.739999963,1746704,7.38376951103333
2020-03,Alentejo,9884431.219999904,752596,13.133781231895869,2575196.3300000117,340543,7.562029846451144
2020-03,Algarve,8873528.220000003,618614,14.34420853714918,1914269.430000004,243958,7.846717180826224
2020-05,Alentejo,6966359.529999964,540230,12.895173407622613,1869037.5799999952,246697,7.576247704674135
2020-06,Norte,50485188.62000029,4000204,12.620653501671487,12969644.170000033,1799136,7.208818104912599
2020-06,Algarve,6542548.319999981,470496,13.905640685574332,1460195.9599999965,186170,7.843347263253996
2020-07,Lisboa,61706479.04000012,4747667,12.99722138052229,15422765.77000003,2042366,7.551421131178265
2020-07,Alentejo,8029629.959999951,620670,12.93703571946437,2142921.3000000003,282033,7.598122560125944
2020-08,Centro,40541842.81999973,3079048,13.167005782306651,9800420.949999971,1317097,7.440925725288245
2020-09,Norte,53685005.25000041,4236089,12.673247717411133,13684034.090000017,1891066,7.2361483364409365
2020-09,Centro,43172052.81000055,3273729,13.18742413009768,10355619.909999993,1388064,7.460477261855356
2020-10,Centro,46404004.12999998,3488797,13.300861050384984,10953539.070000008,1465579,7.473864643257039
2020-10,Alentejo,7917491.769999978,612158,12.933738953015363,2087351.5999999936,275000,7.590369454545431
2020-11,Algarve,7091765.850000015,503301,14.090506178211479,1570335.5600000005,198907,7.894823007737287
2020-12,Algarve,6970416.46,492299,14.1589084276019,1568151.77,198152,7.91388313012233
2021-01,Lisboa,62314665.89,4769395,13.0655284139812,15578447.28,2053168,7.58751708579132
2021-02,Norte,52110122.0,4095151,12.72,13511692.0,1854436,7.29
2021-02,Lisboa,56522067.0,4323883,13.07,14248917.0,1874916,7.6
2021-02,Algarve,6545383.0,465722,14.05,1485754.0,188579,7.88
2021-03,Algarve,7465318.59,536350,13.9187444579099,1702260.09,215628,7.89442971228227
2021-04,Lisboa,60036883.36,4617434,13.0022179764778,15099600.77,1989023,7.59146614694752
2021-04,Centro,44277983.13,3356264,13.1926401290244,10839727.49,1442045,7.51691347357399
2021-05,Alentejo,7818563.36,609430,12.8293050227261,2086028.15,274480,7.59992768143398
2021-07,Centro,47996351.35,3620773,13.2558299981799,11636970.04,1551946,7.49830860094359
2021-08,Norte,56455840.83,4400103,12.8305725638695,14487420.79,1994946,7.26206162472568
2021-10,Norte,61725125.58,4812605,12.8257202866223,15370470.88,2117154,7.25996827816966
2022-01,Algarve,7525685.76,532956,14.1206511606962,1678395.21,215318,7.79496005907541
2022-02,Centro,44997049.14,3341359,13.4666909901031,10737446.34,1431045,7.50322061151117
2011-03,Centro,46968000.24000001,3066170,15.318133123734173,10883577.17,860212,12.652203375446982
2011-03,Norte,54983620.18999999,3721597,14.774200481674935,13522355.27,1108488,12.198918950859188
2011-04,Algarve,6369117.55,383004,16.629376063957555,1412775.1600000001,102161,13.82890887912217
2011-05,Alentejo,9629897.209999999,611712,15.742534411618538,2432631.51,190495,12.770054384629516
2011-10,Centro,46689953.14000001,3194710,14.614770398565131,10063638.790000001,926584,10.861010755635755
2011-12,Algarve,7231633.330000002,419241,17.249346628788697,1520853.4800000002,124320,12.233377413127414
2012-03,Algarve,6808736.510000001,430615,15.811656607410333,1385269.81,132206,10.47811604617037
2012-03,Norte,52670372.080000006,3830451,13.750436196677626,12034083.66,1348041,8.927090244287822
2012-04,Norte,46598295.849999994,3439949,13.546217066008825,10490259.62,1214943,8.634363603889236
2012-05,Norte,49844016.05,3814855,13.065769485340857,11035177.249999998,1352471,8.159270882702844
2012-06,Centro,37953115.809999995,2790116,13.602701755052477,7730371.42,955786,8.08797306091531
2012-07,Norte,45032648.08,3587376,12.553088407794442,9643106.26,1321526,7.296947816388024
2012-09,Alentejo,6727694.66,534289,12.591864440405848,1420118.72,203566,6.976207814664531
2012-09,Lisboa,48077737.63000001,3761144,12.782743130813394,9451225.75,1380149,6.84797492879392
2012-10,Algarve,5988158.97,434334,13.786991048363701,1080497.6699999997,144185,7.493828553594338
2012-10,Centro,40783420.669999994,3324497,12.267546239325828,7866335.9,1147696,6.854023974989893
2012-10,Lisboa,55427046.809999995,4467749,12.406034181866527,10860768.860000001,1600401,6.786279726143636
2012-11,Alentejo,6949519.23,562260,12.35997444242877,1508514.4200000002,218425,6.906326748311778
2012-11,Lisboa,51057445.73,4082000,12.507948488486035,10375617.99,1518055,6.834810326371574
2013-03,Algarve,5570924.949999999,409066,13.618645768653467,1119306.57,147951,7.565386986231928
2013-04,Lisboa,58222422.849999994,4601607,12.652628277469152,12773317.239999998,1778594,7.18169365240184
2013-04,Norte,48686443.74,4027344,12.088970731082322,11209561.12,1596492,7.02137005384305
2013-07,Centro,41213729.81,3279374,12.567560092261512,9195892.05,1249243,7.361171565500068
2013-07,Lisboa,58827045.14000001,4636496,12.687823981731032,13489493.04,1815211,7.431363648633685
2013-07,Norte,49416476.870000005,4083588,12.101239613300853,11892082.650000002,1648232,7.215053857709353
2013-08,Alentejo,7022320.71,557714,12.591257723492687,1754304.5,232087,7.558822769047814
2013-09,Norte,45931672.3,3754780,12.232853136535295,11076299.239999998,1504463,7.362294213948763
2013-11,Norte,48908117.04,4083866,11.975935802007216,11917860.5,1643078,7.253374763705679
2014-01,Algarve,6249033.300000001,465996,13.410057811655037,1324023.15,170777,7.75293599255169
2014-02,Algarve,5706513.819999998,422401,13.509707173988694,1203825.4999999998,154387,7.797453801162013
2014-03,Alentejo,7405736.08,605324,12.234334141715841,1895012.2000000002,256812,7.378986184446211
2014-03,Algarve,6046300.130000001,442521,13.663306667932146,1278201.5299999998,164175,7.785603959189888
2014-03,Lisboa,56438459.59,4561107,12.373851258038894,13523074.0,1850311,7.308541104711586
2014-06,Centro,37432258.35,3014405,12.417793345618788,8735343.669999998,1197790,7.292884119920853
2014-06,Norte,44424457.379999995,3743521,11.867025022699217,11253837.210000003,1576231,7.139713157525771
2014-08,Algarve,6121416.160000001,453576,13.495899606681132,1302050.5000000002,169762,7.669858389981269
2014-09,Alentejo,7241320.85,588048,12.314166275542132,1856305.55,253706,7.316758570944321
2014-10,Algarve,6282747.0200000005,464005,13.540257152401376,1315296.8000000003,172312,7.633228097868983
2014-11,Alentejo,7110888.999999999,585383,12.147412890364086,1831057.9499999997,253314,7.228411970913569
2014-12,Alentejo,7415007.709999998,602503,12.307005458893977,1913514.1099999999,263364,7.265663150620433
2015-01,Alentejo,7574527.279999999,637270,11.885899665761764,1981999.3999999997,279709,7.085933595272228
2015-01,Centro,41558907.80999999,3434046,12.102024204102097,9778671.16,1402589,6.971872130752487
2015-01,Lisboa,58480244.77,4846128,12.067416454951253,14208316.610000001,2022348,7.02565365110258
2015-02,Alentejo,7022577.909999999,589688,11.908972049626241,1826764.09,257148,7.103940493412354
2015-04,Algarve,6077117.41,446621,13.6068778897544,1282965.0700000003,169544,7.567151123012317
2015-04,Lisboa,55750247.93999999,4486715,12.425627199409812,13311604.299999999,1844290,7.217739238406107
2015-05,Algarve,6033281.799999999,445983,13.528053311449089,1275099.6900000002,166868,7.641367368219193
2015-05,Centro,38825002.87,3126342,12.41866784568035,9093343.75,1256317,7.238096555248397
2015-06,Alentejo,7156692.409999999,587361,12.184486899879289,1863139.6799999997,254379,7.3242668616513145
2015-06,Centro,39060278.77,3133299,12.466183013494723,9169108.8,1257622,7.290830472113243
2015-06,Lisboa,54959991.580000006,4415023,12.448404363918378,13390879.059999997,1811333,7.392831169089282
2015-07,Alentejo,7649285.789999998,626101,12.217335206300579,2002166.9400000004,271942,7.362477807767834
2015-07,Lisboa,59193149.57000001,4735564,12.499704273873187,14481088.48,1954585,7.408779091213736
2015-10,Centro,42079606.010000005,3405265,12.357219191457935,9728771.73,1340184,7.259280613706775
2015-11,Lisboa,56175572.330000006,4540405,12.37237037885387,13501100.520000001,1842740,7.326644301420711
2015-12,Centro,41056198.169999994,3262898,12.582740303251892,9623833.659999998,1324460,7.266232019087023
2016-03,Lisboa,58101491.04000001,4797951,12.10964660539468,14406802.09,1972114,7.3052582609321774
2016-04,Norte,48777047.13,4220671,11.556704403162437,12714430.35,1808529,7.03026069805903
2016-05,Lisboa,57252066.14,4717812,12.135300461315541,14141226.26,1931274,7.322226809867476
2016-06,Alentejo,7137300.68,589351,12.11044128202039,1896532.63,256947,7.381026554114272
2016-07,Alentejo,7049176.5,576735,12.222557153632085,1868690.1,252137,7.411407687090748
2016-08,Alentejo,7063031.2299999995,578337,12.212656686326483,1874196.05,253859,7.382822945020661
2016-10,Norte,50263991.29,4315687,11.646811107941794,12684404.18,1817509,6.979004879755753
2016-11,Centro,40939180.7,3309766,12.369206977169988,9550943.24,1326469,7.200276252215469
2017-01,Lisboa,58024131.64,4788647,12.117020035095509,13956041.45,1946087,7.1713348118557905
2017-01,Algarve,6217148.91,468481,13.270866716046115,1301440.44,172471,7.545850838691722
2017-02,Algarve,5644923.34,424189,13.30756653284267,1178320.21,155030,7.600594788105528
2017-03,Lisboa,61053191.11,4985252,12.246761269039158,14667632.85,2010568,7.295268227684913
2017-04,Centro,37137732.68,3002423,12.36925399252537,8799230.57,1222939,7.195150837449783
2017-05,Algarve,6399004.890000001,478779,13.365258062696986,1374585.02,179576,7.654614313716755
2017-06,Algarve,6212961.800000016,462946,13.420489214724862,1332703.7399999995,173948,7.661506542185018
2017-07,Alentejo,7304643.329999997,593498,12.307780868680261,1932712.9400000058,261421,7.393105144575247
2017-08,Centro,39592361.1199998,3173806,12.474726281316439,9496282.650000004,1313316,7.23076749997716
2017-09,Lisboa,54232153.10999992,4408032,12.303030719831415,13493210.120000007,1835572,7.350956606442028
2017-11,Centro,42047064.34000019,3395072,12.384734208876923,9984433.029999934,1387868,7.194079717955839
2018-01,Centro,43188266.55,3547843,12.173105334706186,10485937.049999963,1470986,7.128509074865406
2018-02,Norte,53248545.62,4587388,11.607595786534734,14005956.62,1992652,7.028802129022027
2018-02,Centro,29388984.31,2379957,12.348535839092891,7033100.0,980296,7.17446567159307
2018-02,Algarve,5842106.48,447704,13.049037935778998,1305307.2,172401,7.571343553691683
2018-03,Centro,41910771.129999824,3385368,12.379974977609471,10196717.280000038,1410181,7.230786175675348
2018-06,Norte,50396241.4300003,4246661,11.867262639989464,13306136.930000098,1870130,7.115086614299593
2018-07,Lisboa,60007027.25000014,4867213,12.32882704126574,15410457.560000006,2068201,7.4511411415041415
2018-08,Algarve,6742796.98000001,510973,13.195994661166068,1502515.0800000012,194925,7.708170219315128
2018-10,Alentejo,9016702.239999965,736466,12.243202320269999,2476418.799999997,328300,7.543158087115434
2018-12,Centro,31927789.100000087,2504607,12.747624317906995,7604444.229999996,1035240,7.345585786870673
2019-06,Centro,40414142.770000175,3155062,12.809302248260153,9776257.520000024,1340522,7.292873611921344
2019-06,Lisboa,55599074.09000017,4422295,12.57244803659642,14041526.240000002,1893586,7.415309492148761
2019-07,Alentejo,8194330.999999995,649754,12.61143602040156,2205874.2100000028,292681,7.536786501344476
2019-08,Algarve,7130285.399999991,524906,13.583928169996135,1573112.1499999978,205438,7.657357207527321
2019-09,Algarve,6615339.590000008,485985,13.612229986522236,1467412.8199999991,191370,7.667935517583734
2019-10,Alentejo,8165255.960000015,647985,12.600995331682084,2172311.559999987,292410,7.428992031736216
2019-10,Algarve,7216372.919999996,528330,13.65883618193174,1566954.71,205146,7.638241593791738
2019-12,Algarve,6851146.939999981,502120,13.644441448259341,1482535.3699999948,193577,7.658633876958496
2020-01,Lisboa,64608433.6600005,5142756,12.562998061739757,15918928.329999968,2170009,7.335881247497116
2020-04,Centro,39925923.340000376,2967875,13.452697077875712,9595695.15000006,1290995,7.432790328390164
2020-04,Lisboa,52986222.5900002,4010368,13.212309341686398,13361407.46999994,1773807,7.532616271104995
2020-05,Centro,39266368.23000063,2963293,13.250923290407203,9426250.160000013,1270344,7.420234330228673
2020-05,Lisboa,52168528.14999997,4006587,13.02069021588698,13107935.489999965,1742680,7.521711094406297
2020-08,Norte,49660546.520000294,3929530,12.637782767913794,12779599.559999919,1773032,7.207765883526027
2020-09,Alentejo,7603600.639999981,585790,12.98007927755677,2012311.7599999988,264044,7.621122843162499
2020-10,Norte,58284199.69000037,4573567,12.74370741480345,14567298.980000034,2010946,7.244003061245818
2020-10,Lisboa,63544486.860000186,4856493,13.084439092159752,15436491.179999975,2040821,7.563863356952901
2021-03,Norte,58892486.28,4627261,12.7272886227943,15223167.08,2081355,7.31406563512712
2021-04,Algarve,7061621.06,506894,13.9311592956318,1609213.35,204636,7.86378423151352
2021-05,Norte,57162661.6,4507197,12.6825300957557,14804444.92,2032485,7.28391349505655
2021-05,Centro,45018451.23,3417773,13.1718669525448,10992757.32,1465000,7.50358861433447
2021-05,Algarve,7206385.22,520062,13.8567809607316,1630442.0,208999,7.80119522102977
2021-06,Norte,55924621.78,4387655,12.7459022598632,14418296.76,1976554,7.29466372282265
2021-06,Lisboa,60840395.02,4678977,13.0029267123989,15234696.59,2012521,7.56995658181952
2021-06,Algarve,7341355.92,527756,13.910511524265,1660172.57,211815,7.83784231522791
2021-07,Lisboa,65973266.01,5062501,13.0317536747153,16505776.12,2187350,7.54601509589229
2021-07,Alentejo,8314861.87,638083,13.0310035998452,2206278.45,289123,7.63093372025055
2021-08,Centro,45289151.9,3399779,13.3212046724214,11010875.15,1468129,7.49993709680825
2021-09,Lisboa,61900699.16,4717820,13.1206148517748,15333692.12,2030747,7.55076438374647
2021-11,Centro,49551008.33,3716639,13.3322091088212,11677186.78,1565799,7.45765374738392
2021-11,Algarve,7805198.19,556342,14.029496586632,1714206.46,221307,7.74583027197513
2021-12,Lisboa,67511637.06,5123945,13.1757146222296,16501944.19,2192808,7.52548521804006
2021-12,Alentejo,8317397.49,629969,13.2028679030238,2162112.86,284887,7.58937003092454
2022-01,Centro,47500297.9,3529217,13.4591604596714,11320974.0,1513223,7.48136527134467
2022-03,Algarve,7176150.1,509055,14.0970034672088,1590627.44,204404,7.78178235259584
2022-03,Alentejo,7730328.07,585225,13.209155572643,1999701.47,263883,7.57798520556459
2011-01,Norte,50668495.559999995,3542922,14.30132968210985,12370861.959999999,1030463,12.005149102878995
2011-02,Algarve,6308229.980000001,384199,16.41917334506337,1437292.7899999998,102627,14.005016126360507
2011-02,Centro,42022227.1,2773959,15.148827758449206,9704157.35,770081,12.60147614341868
2011-05,Algarve,7286886.119999999,427434,17.04797961790592,1623785.6200000006,115600,14.046588408304503
2011-05,Centro,48211029.449999996,3103552,15.534145859325056,11055348.77,883145,12.518158139376885
2011-05,Norte,56075866.42,3725434,15.052170141787508,13646570.990000002,1137699,11.994887039542094
2011-06,Centro,46303833.25,2961405,15.635765202665626,10493254.09,850596,12.33635485001105
2011-06,Lisboa,64281783.800000004,4062664,15.822569575037464,14421413.809999999,1216046,11.859266680701223
2011-06,Norte,54019209.589999996,3558869,15.178757518189064,13066249.909999996,1104458,11.830463367552227
2011-07,Centro,47980416.49999999,3091129,15.521971583845254,10771751.420000002,905161,11.900370674388315
2011-11,Algarve,6767175.52,401025,16.874697387943392,1441512.68,117150,12.304845753307724
2011-12,Alentejo,9292343.780000001,596026,15.590500716411702,2235229.8000000003,205654,10.868885603975611
2012-02,Algarve,6260730.370000001,391171,16.005098460775468,1296057.6099999999,118953,10.895543702134455
2012-03,Alentejo,8679342.690000001,609768,14.233844166961862,2031822.02,218125,9.31494335816619
2012-04,Alentejo,7475054.349999998,531737,14.057803669859343,1703345.1000000003,190578,8.93778452916916
2012-04,Lisboa,53994858.42999999,3816686,14.147052817549044,11239976.879999999,1303424,8.623423291269763
2012-06,Alentejo,7087129.180000001,518804,13.660513758567784,1565378.45,193707,8.081166142679407
2012-07,Centro,38285484.17,2922987,13.098068575056955,7592248.090000001,1003897,7.5627759521146105
2012-07,Lisboa,52444891.599999994,3957600,13.251690822720839,10418900.03,1417594,7.349706636738022
2012-09,Algarve,5563573.08,396032,14.048291754201681,1007334.9099999999,132890,7.580216043344119
2012-09,Centro,36169646.34,2876222,12.57540146066611,7001798.33,1008651,6.941745291483377
2012-11,Centro,37560794.54,3034971,12.375997839847564,7443041.680000001,1086895,6.847985941604295
2013-02,Lisboa,48139308.25999998,3927756,12.256186041088087,10561147.280000001,1529872,6.903288170513612
2013-03,Centro,36277724.59,2965676,12.232531331811028,7778342.66,1114415,6.979754095197929
2013-06,Alentejo,6913267.82,550495,12.558275406679444,1685621.5299999998,226955,7.427117842744155
2013-06,Algarve,5794044.79,416232,13.920229078975186,1198758.03,153192,7.825199945166849
2013-06,Norte,43912426.7,3613241,12.153196174846904,10477689.01,1459949,7.176750016610169
2013-09,Lisboa,52475750.56,4101174,12.795299726371034,12060801.979999999,1599684,7.539490286831648
2013-10,Algarve,6398487.17,461236,13.872479966871623,1321512.73,165255,7.996809355238873
2013-10,Lisboa,60129185.010000005,4815151,12.487497278901534,13733265.629999997,1850959,7.419540697551916
2013-10,Norte,51679637.06,4342061,11.902098349148021,12377303.83,1707820,7.247428786406061
2013-11,Algarve,6176896.85,442743,13.951427464691704,1276862.0899999999,159457,8.007563731915186
2013-11,Centro,40223003.589999996,3208196,12.537576753415314,9051442.29,1224322,7.393024294262457
2014-01,Alentejo,7824187.63,644804,12.134210752414686,2009701.46,272396,7.377867002452312
2014-01,Norte,50919320.81,4360384,11.677714809062689,12696672.15,1794358,7.07588572068673
2014-02,Centro,37501725.18000001,3060229,12.25454865632605,8605974.830000002,1185872,7.257085781602063
2014-03,Norte,47890260.190000005,4045632,11.837522589795613,12000363.339999998,1685722,7.118827030791553
2014-04,Algarve,5820872.47,424401,13.715501306547345,1242994.6099999996,158862,7.82436712366708
2014-05,Centro,40538296.830000006,3265614,12.413682949056442,9480294.25,1296265,7.313546419906423
2014-06,Lisboa,52963478.53999999,4255604,12.445584349483644,12827088.350000001,1739270,7.3749839587873085
2014-07,Alentejo,7664923.86,622871,12.305796641680221,1980685.7200000004,268032,7.3897360016714435
2014-07,Centro,41153224.28999999,3303139,12.458823043777446,9592521.6,1316136,7.288396943780886
2014-08,Centro,36579924.1,2925714,12.502904966104001,8518551.160000002,1173937,7.256395496521535
2014-12,Centro,40646284.6,3264172,12.452249636354948,9408314.610000001,1317082,7.143302095085956
2015-01,Algarve,6200593.68,466541,13.290565416544311,1334502.74,179479,7.4354255372494835
2015-01,Norte,50427075.980000004,4409450,11.436137382213202,12919592.730000004,1896156,6.813570576471558
2015-02,Algarve,5717793.5,430710,13.27527454667874,1220519.26,164977,7.398117677009522
2015-02,Centro,37682488.31,3091062,12.190790191202895,8778470.639999999,1247474,7.036996875285576
2015-02,Norte,45914473.37,3971280,11.561630852017485,11641032.49,1691611,6.881624965787052
2015-03,Algarve,6186704.49,458424,13.49559466781844,1308654.8299999996,174095,7.516900715126797
2015-04,Norte,48016312.48000001,4050870,11.85333335308218,12164734.350000003,1735138,7.010816632452291
2015-06,Algarve,6059679.89,444593,13.629724017247234,1278117.31,166695,7.667400401931672
2015-07,Algarve,6581453.860000002,486281,13.534260766922833,1393345.9100000001,181266,7.686747156113117
2015-08,Algarve,6287252.2299999995,465288,13.512603441309468,1324220.5599999998,173079,7.650960312920688
2015-09,Algarve,6171275.519999999,453653,13.603515285912357,1311797.6899999997,170397,7.698478787772084
2015-12,Lisboa,58434694.14,4693068,12.45127795719133,14186207.729999999,1935570,7.329214510454284
2016-01,Algarve,6011064.61,445282,13.499455648330722,1275509.87,166331,7.668503586222653
2016-02,Centro,38592554.0,3156099,12.227928845071084,9206963.76,1277265,7.208342638371834
2016-02,Algarve,5889615.609999999,440743,13.362924901813527,1255947.23,163882,7.6637289635225345
2016-03,Norte,49920329.19,4334456,11.517092154124992,12936487.12,1846098,7.007475832810608
2016-03,Algarve,6357106.61,477302,13.31883505621179,1374384.62,178782,7.687488785224464
2016-06,Lisboa,54535294.699999996,4440763,12.280613646798983,13415863.47,1823574,7.356906530801602
2016-08,Norte,45790792.74,3892466,11.763954454579693,11886611.81,1689194,7.036854150559379
2016-10,Algarve,6123391.720000001,454922,13.460311262150435,1273256.78,167133,7.618224886766827
2016-11,Algarve,6177349.18,458909,13.46094580842825,1275472.55,167571,7.611535110490479
2017-01,Alentejo,7549559.67,625471,12.070199369754953,1958195.66,270062,7.250911494397583
2017-02,Alentejo,6751210.97,556158,12.13901619683615,1739550.55,238739,7.286411311097056
2017-03,Centro,43369941.82,3514776,12.339318869822714,10112118.79,1409827,7.172595495759408
2017-05,Norte,50782137.440000005,4316805,11.763824736118496,13179533.46,1868174,7.054767628711245
2017-05,Centro,41744514.75,3366804,12.398855041754732,9954642.47,1376330,7.232743942223159
2017-07,Algarve,6480493.149999986,486199,13.328890330913858,1391690.3099999984,182932,7.607691983906579
2017-09,Algarve,6170659.6900000125,461193,13.379777425069358,1336859.0399999984,174830,7.6466226620145195
2017-10,Algarve,6286081.399999982,473153,13.285515256164459,1344690.15,177477,7.576700924626852
2018-04,Centro,30771863.88,2449718,12.56139028247333,7386022.91,1015422,7.273845662197589
2018-04,Lisboa,57467485.52,4718989,12.177923178036652,14540537.84,1984422,7.3273415835946185
2018-05,Algarve,6479630.339999996,485021,13.35948410481195,1447863.7499999967,187580,7.718646710736735
2018-06,Alentejo,7333051.729999964,605121,12.118322996557653,2021779.6000000124,271917,7.4352820897553755
2018-06,Algarve,6435354.029999992,480041,13.405842480121473,1433978.3700000015,184936,7.7539168685383135
2018-07,Centro,42737460.78000049,3413469,12.52024283214539,10486911.41999997,1432240,7.3220350080991805
2018-08,Norte,48596292.780000046,4064948,11.954960501339757,12904670.960000055,1813194,7.1170933501875995
2018-08,Centro,40499342.72999986,3229775,12.539369686742843,9959246.049999993,1358965,7.32855228059589
2018-08,Lisboa,51534771.24000019,4160085,12.387913045046,13243237.919999955,1779901,7.440435125324361
2018-09,Centro,39564293.090000436,3151648,12.553525358796552,9729777.67000003,1319771,7.372322675676333
2018-09,Alentejo,6972680.189999972,569522,12.243039232900523,1944119.4799999886,257383,7.553410598213513
2018-10,Centro,33945399.839999974,2682745,12.6532338481667,8110391.970000016,1100938,7.366801736337574
2018-10,Lisboa,62512905.19999995,5104013,12.247795058515711,15790417.409999996,2126376,7.425976125577036
2018-11,Norte,60155785.020000145,5057585,11.89417182706769,15778940.590000011,2206467,7.151224373625353
2019-01,Norte,62794536.67999993,5313389,11.818170414400289,16295326.539999956,2304382,7.0714519294109905
2019-01,Algarve,6751941.47,510938,13.214796061361652,1502358.3099999984,197319,7.613855280028778
2019-03,Alentejo,7579568.800000011,617878,12.26709609340357,2054418.58,276868,7.420209558345493
2019-04,Centro,41850781.85000007,3308056,12.651170914277166,10195107.679999994,1398760,7.288675455403353
2019-04,Alentejo,7415750.9600000065,600215,12.35515766850213,2008364.569999999,270045,7.437147771667681
2019-05,Algarve,6884727.690000021,510687,13.481305946695375,1542581.520000001,199797,7.720744155317652
2019-06,Norte,49658026.15999987,4057663,12.23808536095774,12896926.590000052,1814085,7.109328719437101
2019-08,Alentejo,7371584.5499999635,583489,12.633630711118741,1991001.8599999931,265662,7.494492475401048
2019-09,Centro,41748867.12000009,3239051,12.889228085633752,10070949.54000004,1380745,7.293851898793796
2019-10,Norte,58463328.450000376,4773732,12.246881150848095,14839149.059999956,2099939,7.066466721176165
2019-10,Lisboa,64607043.8500001,5131874,12.589366740103147,15836021.839999985,2157311,7.340629997251201
2019-11,Lisboa,61330722.380000085,4847522,12.651974014764674,15089707.83999996,2045200,7.378108664189302
2019-11,Algarve,6833641.639999987,497422,13.738117011310289,1492912.4700000007,193726,7.706309271858195
2019-12,Centro,44634833.88000005,3455950,12.915358694425569,10586238.19000003,1448241,7.3097213723406735
2019-12,Lisboa,62334177.70000001,4955546,12.578669979049737,15416100.830000024,2090235,7.375295519403332
2020-02,Norte,54350021.810000755,4424328,12.28435636101138,13786911.210000018,1946201,7.084011985401311
2020-03,Lisboa,77870108.22999957,5931711,13.12776502934812,19084854.179999977,2546075,7.495794185167356
2020-04,Algarve,6175636.469999999,425958,14.498228628174607,1365355.1000000052,172582,7.9113412754517
2020-05,Algarve,6111813.629999987,433593,14.0957386996561,1352467.349999999,171781,7.873206873868466
2020-06,Centro,41643835.130000144,3171256,13.131653556193553,10051459.329999892,1355323,7.416283299257736
2020-06,Alentejo,7362973.979999962,573390,12.841127295557932,1962926.9699999935,259653,7.559808552183081
2020-08,Alentejo,7151824.710000013,554464,12.89862770170834,1910963.1399999943,251068,7.6113369286408235
2020-08,Algarve,6789320.950000018,492894,13.7744037257504,1511787.6,193975,7.793723933496585
2020-09,Lisboa,57607616.5000003,4412068,13.056828793209963,14161732.469999935,1877609,7.54242894553655
2020-09,Algarve,6952129.99000001,494939,14.046438025696116,1531717.9799999988,194680,7.867875385247579
2020-11,Lisboa,62047632.85,4729175,13.120181183821703,15213236.50000003,2006243,7.582948077575862
2021-01,Alentejo,7700391.71,589621,13.0599006989235,2053557.71,268586,7.64581069005831
2021-02,Centro,41448191.0,3124632,13.26,10114085.0,1345936,7.51
2021-02,Alentejo,7226466.0,556028,13.0,1932192.0,253756,7.61
2021-05,Lisboa,61935671.09,4795170,12.9162617988518,15554754.67,2058163,7.55759124520264
2021-06,Centro,44730820.06,3378947,13.2380946075804,10900266.61,1449934,7.51776743631089
2021-09,Alentejo,7929825.48,605315,13.1003287214095,2093097.47,275141,7.60736302477639
2021-10,Alentejo,8185260.93,628962,13.0139196485638,2135385.96,281662,7.58137753761601
2021-11,Alentejo,8455886.07,644606,13.1179139970773,2170412.91,287081,7.56028058283202
2022-01,Norte,61083133.62,4700954,12.9937739488623,15389578.18,2124090,7.24525711245757
2022-01,Alentejo,8148100.71,616883,13.2085026009794,2126280.2,279715,7.60159519510931
2022-02,Norte,57651633.67,4432123,13.0076790896823,14522959.62,1994786,7.28045996913955
2022-03,Norte,57651633.67,4432123,13.0076790896823,14522959.62,1994786,7.28045996913955
2011-01,Centro,43011746.339999996,2889670,14.884656843168942,9870294.310000002,793595,12.437445182996367
2011-02,Lisboa,57880404.069999985,3821754,15.144984232370787,13217098.75,1090006,12.125711922686664
2011-03,Lisboa,64185353.45999999,4192963,15.307874994365559,14666164.89,1207390,12.146998807344769
2011-05,Lisboa,66424539.71,4246975,15.640435771343133,14917546.98,1244243,11.989255298201396
2011-07,Alentejo,9506797.93,599409,15.860285597980678,2366377.55,192396,12.299515322563877
2011-07,Algarve,7873682.879999998,462093,17.03917367283209,1697904.8,127129,13.355763043837362
2011-07,Norte,56115290.15000001,3740337,15.002736424552122,13416197.87,1184338,11.328014359076546
2011-08,Lisboa,56325639.82,3606100,15.619544610521062,12604677.87,1152467,10.937126937257204
2011-09,Alentejo,8895980.060000002,563765,15.77958911957997,2201041.5500000003,189391,11.62167975246976
2011-09,Algarve,7034290.2700000005,408721,17.21049388213476,1521280.5300000003,118467,12.841386462052725
2011-09,Centro,46387716.190000005,3013478,15.393414582751229,10459305.769999998,922750,11.334929038201027
2011-09,Norte,53254781.730000004,3578662,14.881199098992864,12790319.520000001,1189307,10.754430538120099
2011-10,Alentejo,8953532.29,604740,14.805589658365577,2112920.7399999998,192216,10.992429038165396
2011-11,Lisboa,61845775.59,4076977,15.169517902602836,13370120.209999999,1303723,10.255338143148505
2011-12,Centro,48029691.97,3143564,15.278738390565612,10532785.049999999,991107,10.627293571733425
2012-01,Algarve,6461501.1,393422,16.42384284559582,1378092.3599999999,119012,11.579440392565454
2012-01,Centro,44784866.919999994,3045062,14.707374404856123,9833608.25,975796,10.077524656793019
2012-01,Lisboa,60585278.09,4091498,14.80760300750483,13003280.740000006,1352739,9.612556997321734
2012-01,Norte,52711585.93,3761647,14.012900713437492,12325771.610000003,1291645,9.542692930333027
2012-02,Centro,41921302.1,2937778,14.269731102894774,9156559.82,956393,9.574055665401149
2012-04,Algarve,5958952.600000001,378802,15.731048410515257,1191950.78,116988,10.188658494888365
2012-04,Centro,39528770.53999999,2811077,14.061788609845975,8343303.579999998,929399,8.977095499349577
2012-05,Alentejo,8056545.190000001,595972,13.518328361063945,1814529.0000000002,214409,8.46293299255162
2012-05,Lisboa,57933551.15000001,4253248,13.621014140252347,11881644.47,1458799,8.144812595840826
2012-07,Alentejo,7174285.500000001,546211,13.134641191773877,1557245.15,205232,7.587730714508458
2012-08,Norte,43262616.32000001,3536702,12.232474299502758,9070197.440000001,1324978,6.845545692079416
2012-11,Norte,45106143.330000006,3801654,11.864873376167322,9608442.959999999,1438687,6.678619435638189
2012-12,Centro,36696676.74999999,2931554,12.517823908411714,7314406.279999998,1061699,6.889340839541149
2012-12,Lisboa,51892856.97000001,4123364,12.585077856332843,10726111.01,1556864,6.889561972015539
2013-01,Lisboa,52728828.83999998,4256592,12.387569407638782,11265578.23,1638391,6.876001046148325
2013-02,Algarve,5233180.87,389655,13.430293131103156,1053037.66,140655,7.486670648039529
2013-05,Centro,41795124.1,3322223,12.5804691918634,9139193.920000002,1258843,7.259995027179722
2013-06,Lisboa,52717426.50000001,4133500,12.753701826539254,11946328.74,1619937,7.374563788591779
2013-07,Alentejo,7720477.13,615870,12.535887654862227,1895242.1099999999,253980,7.462170682730923
2013-07,Algarve,6566086.010000001,476109,13.791140285102783,1370099.5599999998,174200,7.865095063145809
2013-08,Norte,44120808.17000001,3612671,12.212794403365269,10717483.41,1473142,7.275254802320482
2013-09,Alentejo,7109372.339999999,562665,12.63517784116659,1765343.9,231063,7.640097722266221
2013-10,Alentejo,7765019.960000001,627233,12.379801381623736,1938194.8499999996,258237,7.5054885628318155
2014-01,Lisboa,59601040.739999995,4875450,12.224726074516198,14121376.780000003,1942902,7.268187885956164
2014-03,Centro,39439177.470000006,3185757,12.379844875174097,9133328.399999999,1255918,7.272233059801674
2014-04,Centro,38106915.17,3059024,12.45721353281308,8883479.290000001,1219821,7.2826089155704
2014-06,Alentejo,7064054.410000001,572580,12.337235687589509,1820544.6100000003,246233,7.393584978455367
2014-07,Norte,49446851.92999999,4164355,11.873832065229788,12578703.49,1762572,7.136561507841949
2014-08,Alentejo,6819068.009999999,553814,12.312920962633662,1766557.12,240012,7.36028665233405
2014-08,Lisboa,47653236.35999999,3799457,12.542117560482982,11612179.059999999,1582988,7.335607762029781
2014-09,Algarve,6157631.74,449396,13.702017240918924,1299759.01,169507,7.667878081731138
2014-09,Norte,47213404.66,3986003,11.8447990781743,12001167.999999996,1694280,7.0833439573152
2014-10,Alentejo,7806691.840000002,643317,12.135062247694375,1995899.04,275166,7.253436253025447
2014-12,Lisboa,57701951.81,4645313,12.42154227497695,13813993.15,1912652,7.222428936366888
2015-02,Lisboa,53575355.94000001,4409561,12.149816260620957,12901104.970000003,1822862,7.077389824353134
2015-03,Centro,40357430.36000001,3272263,12.333186654006724,9384958.6,1315689,7.133113220525519
2015-05,Norte,47067321.56,3997606,11.773877055417667,12025281.67,1704812,7.053728897966462
2015-06,Norte,46414061.37,3905888,11.883100941450445,11799686.469999997,1661998,7.099699560408615
2015-07,Centro,41621048.78999999,3334845,12.480654660111638,9790382.759999998,1339516,7.308895720543837
2015-08,Centro,37282107.18,2976523,12.525388575865195,8767178.31,1203718,7.283415476050039
2015-09,Centro,39591442.49999999,3174763,12.470676551289023,9337501.379999997,1278613,7.302836260854533
2015-10,Alentejo,7573583.280000001,625437,12.109266448898932,1978128.7100000002,268885,7.356783420421371
2016-01,Norte,48427431.14,4109952,11.782967572370675,12336029.74,1753372,7.035603249053823
2016-01,Centro,39817164.66,3213049,12.392330356617654,9395024.79,1303507,7.207498532804196
2016-02,Alentejo,7100306.34,588692,12.06115649609643,1884718.73,257519,7.318756014119346
2016-04,Alentejo,7253368.91,603309,12.022643305503482,1939393.19,263941,7.34782845408633
2016-04,Algarve,6043709.06,454044,13.310844455603421,1302032.05,169523,7.68056281448535
2016-05,Centro,40232968.53,3290341,12.227598455600804,9634978.67,1329717,7.24588665858976
2016-05,Algarve,6175028.74,463493,13.322809060762514,1324956.19,172484,7.681617947171912
2016-07,Centro,38915800.620000005,3149918,12.354544029400133,9289240.46,1277813,7.2696399707938495
2016-08,Centro,38488434.339999996,3101555,12.409399265852128,9199342.6,1265814,7.267531090665769
2016-09,Lisboa,53482208.29,4315792,12.392211740046786,13094209.37,1784147,7.339198715128293
2016-12,Centro,40536348.91,3314076,12.231568892807527,9479617.75,1334164,7.105286718874141
2017-01,Norte,51375648.08,4438226,11.575716982415948,13055082.4,1892761,6.897374998745219
2017-02,Lisboa,52722890.81,4316218,12.215066711180947,12674235.66,1745912,7.259378284816187
2017-03,Alentejo,7956461.43,651656,12.20960357918902,2037275.81,278050,7.327012443805072
2017-04,Alentejo,6843631.5,561488,12.18838425754424,1792950.39,243526,7.362459819485394
2017-06,Norte,48083312.94999993,4064503,11.830059653049814,12404011.970000012,1756598,7.061383407017435
2017-07,Centro,40687642.34999987,3264264,12.464568536735959,9705155.439999986,1341694,7.233508862676576
2017-08,Norte,47208608.92999999,3981424,11.857217148939673,12301626.000000013,1748593,7.03515683752595
2017-08,Alentejo,7112161.250000009,578344,12.29745834658959,1904192.2999999975,257141,7.405245760108258
2017-09,Centro,39815695.76000001,3201460,12.436730666633352,9554721.900000012,1320343,7.236545276492556
2017-09,Alentejo,7166313.950000034,587249,12.203194811740904,1921192.1400000001,259886,7.392441839883642
2017-10,Lisboa,57822025.64000001,4747312,12.17995059941289,14104365.579999998,1933187,7.2959137320911
2017-10,Alentejo,7514219.129999995,618797,12.14327013544021,2000342.7900000007,271455,7.368966458529041
2017-11,Lisboa,58029911.99000027,4754107,12.20626965064107,14250759.259999977,1950070,7.307819339818559
2017-11,Alentejo,7502322.709999979,616091,12.177296389656687,2004308.0900000064,271460,7.383438038753431
2018-04,Norte,55912027.12,4743719,11.786538603994039,14778727.0,2082436,7.09684571338567
2018-04,Algarve,6152882.3,460811,13.35229041841449,1368334.43,177532,7.707536838429128
2018-05,Norte,51356503.52000025,4348309,11.81068399692852,13554770.599999975,1910584,7.094569304463962
2018-06,Lisboa,56948233.009999946,4644172,12.262300580167992,14583131.700000018,1964827,7.422094515191423
2018-08,Alentejo,7120983.679999985,581878,12.237932487566097,1962211.150000005,261973,7.490127417711005
2018-09,Norte,48793024.71000006,4074473,11.975297102226486,12949244.520000089,1802102,7.185633510200915
2018-09,Lisboa,53407904.1799999,4319359,12.36477546321107,13728104.010000063,1830628,7.499122710894875
2018-10,Norte,62177359.84000019,5228288,11.892489442050666,16258260.62000001,2269778,7.162929863625434
2018-11,Algarve,6566161.50000003,487169,13.478200583370514,1457580.0900000003,186909,7.798340850360337
2018-12,Norte,58456505.53000006,4877649,11.984565828742507,15282097.99,2132049,7.167798671606516
2018-12,Algarve,6320359.579999992,468943,13.477884476364913,1400564.3399999982,180128,7.775383838159521
2019-01,Centro,34107089.060000084,2732206,12.483351936127834,8153170.7000000095,1125321,7.245195548647906
2019-02,Algarve,6227727.599999992,471176,13.21741260166051,1374134.5900000026,180513,7.612385756150541
2019-03,Lisboa,59320000.38000039,4806968,12.340419237240686,14918074.389999988,2024520,7.3686969701460034
2019-03,Algarve,6655819.790000006,498094,13.362577726292638,1484628.4400000018,193317,7.679761428120661
2019-04,Lisboa,58044745.62000002,4685568,12.38798489745534,14723981.320000002,1992551,7.389512900799027
2019-05,Lisboa,63845084.82000005,5137867,12.426379433332947,16114166.53000001,2178340,7.397452431668156
2019-06,Algarve,6361278.5600000005,467576,13.604801272948142,1415186.319999998,182846,7.73977182984587
2019-07,Norte,57490992.16000009,4703581,12.222813248033805,15005865.050000047,2101859,7.139330016904106
2019-09,Norte,51797615.55000042,4210558,12.301841121770659,13423695.01999997,1889834,7.103108008428237
2019-11,Centro,44385355.11000003,3427791,12.94867601612818,10498398.619999995,1438496,7.298177137788354
2019-11,Alentejo,7789943.139999983,613351,12.700628416681448,2068365.6400000013,276344,7.484749587470693
2020-01,Centro,46764872.890000366,3638612,12.852393409904757,11121042.690000052,1526881,7.28350322651212
2020-01,Algarve,7225499.3599999845,533431,13.545330811295152,1575990.659999999,208072,7.5742563151216835
2020-02,Centro,42880616.67000065,3318171,12.922967704196273,10141412.059999945,1391921,7.285910665907005
2020-04,Norte,48397561.22,3753439,12.89419149212229,12449865.61999999,1726981,7.209034505880488
2020-05,Norte,48408264.92000052,3812221,12.69817907198993,12488770.589999935,1728133,7.226741570237901
2020-07,Norte,56487661.24000045,4492611,12.573459228942912,14544274.620000001,2019003,7.203691435822533
2020-08,Lisboa,51140677.07999982,3928782,13.01692918568651,12825104.179999925,1703429,7.528992508639882
2020-11,Norte,56475369.71000114,4413019,12.797445401889531,14247240.590000045,1961751,7.262512209755491
2020-12,Centro,45047318.71,3365046,13.3868359332978,10883167.35,1445376,7.52964443162194
2020-12,Alentejo,7818241.41,597720,13.0801067556716,2098541.46,273963,7.65994481006559
2021-01,Centro,44716682.73,3359652,13.309915053702,10852854.18,1443239,7.51978998627393
2021-01,Algarve,7160164.33,508204,14.0891538240549,1607718.78,203897,7.8849555412782
2021-04,Norte,55854130.21,4401229,12.6905757937158,14521068.71,1987369,7.3066796905859
2021-04,Alentejo,7730616.82,595600,12.9795446944258,2065979.52,270028,7.65098256477106
2021-07,Norte,60682559.93,4777338,12.7021701060298,15693064.9,2160008,7.26528091562624
2021-07,Algarve,7883465.04,569932,13.8322905890527,1779013.65,228634,7.78105465503818
2021-08,Lisboa,57370227.17,4371223,13.1245253719611,14391609.72,1905724,7.55178069856915
2021-08,Algarve,7744422.57,561137,13.801304440805,1732176.79,222722,7.77730439741022
2021-09,Norte,58699545.53,4564748,12.8593178703403,15028480.98,2059696,7.29645587504175
2021-09,Algarve,7554391.09,538058,14.0401055090715,1689384.36,215445,7.84137185824688
2021-10,Centro,48067983.18,3611428,13.3099658030009,11368278.43,1520270,7.47780225223151
2021-11,Norte,63578619.91,4937184,12.8775066738448,15731167.61,2169887,7.2497635176394
2021-12,Norte,62718378.16,4840916,12.9558906124378,15787853.85,2170914,7.27244554597741
2021-12,Algarve,7662338.03,538590,14.2266622662879,1697189.44,217624,7.79872367018344
2022-02,Lisboa,62335402.16,4723918,13.1956994511759,15283219.88,2025001,7.54726534949859
2011-02,Norte,48920063.67,3352381,14.592632421553517,12031406.72,988788,12.167832457513644
2011-03,Algarve,6979244.080000001,419693,16.62940311132185,1585499.2500000005,112900,14.04339459698849
2011-04,Alentejo,8292165.419999999,538018,15.412431219773314,2113412.21,166307,12.707896901513466
2011-04,Centro,42401316.129999995,2763296,15.344471287187472,9635427.68,776628,12.406747735080373
2011-06,Algarve,7077274.23,412108,17.17334832131383,1559492.4299999995,112462,13.866838843342636
2011-07,Lisboa,67332188.85,4285140,15.712949600246432,14856699.02,1302597,11.405445444753827
2011-08,Alentejo,8689317.45,553410,15.701410256410256,2166426.4299999997,183907,11.780010711935923
2011-08,Algarve,7421524.4399999995,441582,16.806673369838443,1592979.2200000002,124579,12.786900039332473
2011-08,Centro,44216540.489999995,2869262,15.410422781189029,10023616.479999997,871053,11.507470245782974
2011-10,Algarve,6887970.130000002,418562,16.456272021827118,1452425.34,114484,12.686710282659586
2011-10,Norte,54955712.27000001,3931513,13.978260346589217,12607376.610000001,1220456,10.330054184665405
2011-11,Alentejo,8931623.51,582530,15.332469589549035,2134836.6800000006,196472,10.865857119589563
2012-02,Alentejo,7912898.680000001,545075,14.517082383158282,1876982.23,191788,9.78675532358646
2012-02,Lisboa,57331824.50000001,3991337,14.364065098988135,12282958.55,1335453,9.197597032617397
2012-03,Lisboa,61672025.24999999,4307648,14.316867406529036,13074835.980000002,1462696,8.938860829591386
2012-05,Algarve,6364005.690000001,420124,15.147922256286243,1245826.52,130250,9.564886909788868
2012-06,Algarve,5738776.009999999,371472,15.448744481414478,1093447.46,119802,9.127121917831088
2012-06,Norte,44740837.32,3424221,13.065989993052435,9797311.589999998,1253357,7.816856322659863
2012-09,Norte,42643225.120000005,3511213,12.14486991247754,8882307.19,1317233,6.743155683163115
2013-02,Alentejo,6465069.8100000005,533456,12.119218473501096,1500303.46,215172,6.9725775658542934
2013-02,Centro,34978353.230000004,2870740,12.184437890578737,7405090.840000001,1073595,6.897471430101668
2013-02,Norte,41670380.32,3566878,11.68259198099851,9558795.9,1413410,6.762932128681699
2013-03,Lisboa,50628914.220000006,4114124,12.306122571901092,11168490.75,1605112,6.958075666993954
2013-04,Alentejo,7595508.85,608861,12.474947237546829,1770475.94,243845,7.260661239721954
2013-04,Centro,40539592.699999996,3234236,12.53451903324309,8636296.020000001,1206911,7.155702466876184
2013-05,Norte,50094496.84,4126054,12.141018231947523,11832615.5,1656841,7.141672314965649
2013-06,Centro,36831507.14,2923016,12.60051506389291,8164662.490000002,1117309,7.307434639835535
2013-08,Algarve,6407585.149999999,466275,13.74207313280789,1329739.56,169267,7.85587007508847
2013-08,Centro,37537044.089999996,2964742,12.661150309200597,8433820.55,1136640,7.419957550323762
2013-09,Centro,38298943.699999996,3018279,12.689000486701195,8568147.069999998,1142188,7.501520826694028
2013-11,Lisboa,57582353.14,4590630,12.543453325578406,13279049.15,1789241,7.421610140836254
2013-12,Algarve,6037507.45,436006,13.847303592152402,1263340.44,161348,7.829910751915115
2013-12,Centro,39698384.080000006,3166254,12.537965709636689,9056335.89,1232544,7.34767755958408
2013-12,Lisboa,57254522.17,4582626,12.493823883947764,13448954.55,1825231,7.368357512008069
2014-04,Lisboa,54198590.26999999,4355532,12.44362118565539,13122046.07,1786747,7.344098560120711
2014-05,Alentejo,7706768.430000001,627050,12.29051659357308,1985593.71,267565,7.420976996243903
2014-05,Algarve,6139925.160000001,450177,13.638913494025685,1316856.58,168134,7.832184923929723
2014-06,Algarve,5794365.050000002,424441,13.651756192262297,1242761.6199999999,158693,7.8312314972935155
2014-08,Norte,43283647.42,3629619,11.925121457651617,11056870.53,1555955,7.106163436603243
2014-09,Lisboa,53773770.959999986,4307490,12.483783121957332,12988977.52,1775974,7.31372053870158
2014-10,Centro,42449832.23,3452232,12.296343997158939,9733150.01,1354739,7.184520420538568
2014-10,Lisboa,59374582.900000006,4850796,12.240173138594162,14058076.919999998,1939237,7.249282537410331
2014-11,Centro,38955098.00000001,3139277,12.408939383176447,8990430.269999998,1253019,7.1750151194834215
2014-11,Lisboa,54549234.85000001,4420284,12.340662918943671,12992878.720000003,1801621,7.211771354796598
2014-11,Norte,47161758.69000001,4021531,11.727314470533738,11898900.45,1698061,7.007345701950636
2014-12,Algarve,6080331.729999999,443129,13.721358182380296,1281343.33,167929,7.630268327686106
2015-03,Lisboa,57853921.180000015,4717910,12.262616535711791,13921514.31,1942284,7.167599748543467
2015-03,Norte,48952359.1,4189940,11.683307899397128,12401855.510000002,1784531,6.949644197831252
2015-04,Centro,39555801.970000006,3175786,12.455436849334308,9179153.1,1279239,7.175479406115667
2015-07,Norte,50525023.89999999,4249065,11.890856906166412,12911200.859999998,1816502,7.107727302254552
2015-09,Alentejo,7245514.750000001,595779,12.161413460360302,1900982.5200000003,258108,7.365066251336651
2015-11,Alentejo,7156271.79,586281,12.206214750264804,1861874.5599999998,253310,7.350181832537206
2015-11,Algarve,6063684.799999999,445624,13.607177351309621,1269566.5199999998,164666,7.709949352021667
2015-11,Norte,48958264.40999999,4140696,11.8236799827855,12308235.1,1740942,7.069870851527506
2016-01,Lisboa,56398451.21,4599684,12.26137517490332,13739000.13,1891263,7.264457735386354
2016-04,Centro,39324828.95,3219746,12.213643234590556,9454235.08,1305740,7.240518847550049
2016-04,Lisboa,55765265.95,4594316,12.137882102580667,13789045.2,1884114,7.318583270439049
2016-06,Norte,46721528.1,3993162,11.700383831159368,12074677.6,1709792,7.06207398326814
2016-07,Norte,47856150.92,4078966,11.73242211874284,12341976.13,1750411,7.0509018339121505
2016-07,Lisboa,55815296.900000006,4524551,12.33609631099307,13821240.7,1872010,7.383101959925427
2016-08,Algarve,6465877.8100000005,487429,13.26527106511923,1368500.81,179800,7.6112392102335935
2016-09,Centro,39461062.19,3175451,12.426915795583051,9364959.39,1291630,7.25049696120406
2016-09,Alentejo,7123097.2,582380,12.231012740822145,1888593.53,254750,7.413517291462218
2016-10,Centro,40669014.24,3300245,12.323028817557486,9530294.33,1322036,7.208800917675465
2016-11,Alentejo,7396031.850000001,611300,12.098857925732048,1923722.61,264588,7.270634382511679
2016-12,Lisboa,57569002.81,4773872,12.059184412569085,13809337.13,1936221,7.1321079205318
2016-12,Algarve,6137978.98,459854,13.34766899929108,1268092.95,168723,7.515827421276293
2017-04,Lisboa,52625673.699999996,4295751,12.250634103326751,12924057.62,1765938,7.318522858673407
2017-04,Algarve,5853930.16,436495,13.411219280862325,1240645.48,162542,7.63276863825965
2017-05,Alentejo,7667763.08,627046,12.228390070265977,2030977.18,274846,7.389509689062238
2017-06,Centro,39877716.340000056,3203715,12.447335777370975,9470516.310000021,1310306,7.2277134577724755
2017-06,Lisboa,55351436.770000115,4473030,12.374483687791075,13601457.68999997,1847529,7.36197249948443
2017-06,Alentejo,7264426.410000008,589576,12.321441866697436,1915477.7299999984,258561,7.408223707364987
2017-07,Norte,49992470.23999985,4235875,11.802158996665353,12976298.880000023,1845146,7.032667810568932
2017-08,Algarve,6573566.489999979,496198,13.247869781820924,1412222.0699999977,186132,7.587207304493573
2017-10,Norte,51831039.389999986,4439316,11.675456171626436,13240774.009999994,1895121,6.986769715495735
2017-11,Norte,51868092.86000069,4424918,11.721820124124491,13284093.840000108,1894790,7.0108528332955675
2017-11,Algarve,6336729.6400000155,472500,13.411068021164054,1370092.2899999963,178927,7.6572696686357915
2017-12,Centro,39850703.04000021,3207165,12.425523177011538,9470786.630000062,1323462,7.156069936273246
2017-12,Lisboa,56014663.08,4595859,12.18807258447224,13840070.180000018,1906639,7.258883396384957
2018-01,Algarve,6483537.37,498881,12.99616014640766,1435991.37,191928,7.481927441540578
2018-02,Lisboa,54956791.01,4587741,11.97905265576239,13884014.25,1917091,7.242230154958737
2018-03,Lisboa,58842630.92999998,4835587,12.168663479738857,14860725.860000048,2023462,7.344208025651111
2018-03,Alentejo,7554569.619999996,623948,12.107691057588127,2070856.3100000033,279171,7.41787760906399
2018-03,Algarve,6401890.020000011,479597,13.348478034683309,1419855.5699999933,184300,7.704045415084066
2018-05,Centro,41578971.75000009,3346935,12.42299947563968,10193257.31,1399746,7.282219281212449
2018-05,Alentejo,7588049.9099999815,626279,12.116085498635563,2076544.3399999992,279258,7.435935013500058
2018-07,Norte,52537111.70000089,4409501,11.914525407750421,13887450.160000004,1949025,7.125331978809919
2018-09,Algarve,6230217.750000006,464110,13.424011010320841,1377089.7699999982,178268,7.724828740996691
2018-10,Algarve,6731987.010000017,501543,13.422552024452573,1494417.2099999997,192310,7.770876241485101
2018-11,Centro,32898524.749999966,2593636,12.684326077367821,7884002.460000007,1071109,7.360597716945715
2018-11,Lisboa,61363797.97000002,5005660,12.258882538965894,15563344.740000036,2101609,7.405442563293189
2019-01,Lisboa,64197809.45999981,5308989,12.092285265612682,16145821.009999987,2217646,7.2806124196557915
2019-02,Lisboa,58565401.370000035,4784982,12.239419368766702,14622700.110000065,2002727,7.301394603458217
2019-03,Norte,53152147.73000016,4424578,12.012930437659854,13814169.439999988,1947867,7.091946955310598
2019-05,Norte,62975259.640000135,5202703,12.104334927440627,16420486.659999996,2308205,7.113963733723823
2019-05,Centro,34275751.30999999,2680194,12.788533706888376,8205243.310000022,1124869,7.294399001128151
2019-05,Alentejo,9354034.400000006,751667,12.444386144396397,2532424.479999998,338074,7.490740133816851
2019-06,Alentejo,7203389.479999985,576006,12.50575424561547,1946417.0899999966,260120,7.482765992618778
2019-07,Algarve,7437395.03000001,548179,13.5674570350196,1651661.6000000027,212863,7.759270516717338
2019-08,Centro,42308235.16000025,3274472,12.920628168449829,10276686.49000008,1405418,7.312192166316413
2019-09,Lisboa,55525571.98000024,4403658,12.608965541829143,13924213.189999973,1890074,7.367020121963464
2019-10,Centro,46752030.980000086,3629284,12.881888267768542,11065526.80000006,1521583,7.272378043130122
2019-11,Norte,56039081.19999987,4550442,12.315085259849454,14199966.120000005,2001955,7.093049604012081
2019-12,Alentejo,7785530.869999949,614471,12.67029830537153,2070551.2499999963,277888,7.4510279321165225
2020-02,Algarve,6798273.329999996,501640,13.552095785822495,1473515.089999995,193921,7.59853285616305
2020-03,Norte,68077621.2400004,5320408,12.79556403193146,17169108.410000145,2391966,7.177822933101953
2020-04,Alentejo,7323837.420000005,559857,13.081621592656704,1962757.6100000043,259264,7.570498063749708
2020-06,Lisboa,55292560.70000019,4264613,12.96543454236063,13858155.96000003,1838679,7.537017587082917
2020-07,Centro,45631572.47000042,3478590,13.11783580991161,11017554.020000035,1480718,7.440683519751928
2020-07,Algarve,7346962.720000012,529779,13.867976495859617,1638947.4600000002,208700,7.853126305701966
2020-10,Algarve,7214038.100000011,515483,13.994715829620008,1589678.9099999997,202180,7.862691215748342
2020-11,Centro,45509094.410000384,3409210,13.348868039809922,10790831.890000012,1440965,7.4886148449129655
2020-11,Alentejo,7852116.410000007,603986,13.000494067743302,2086470.3399999924,274119,7.611549509519561
2020-12,Norte,55810843.57,4345371,12.8437464994358,14338262.16,1960325,7.31422705928864
2020-12,Lisboa,61051390.04,4639747,13.1583446338777,15283457.0,2005349,7.62134521222989
2021-01,Norte,56630941.66,4434188,12.7714345129255,14599886.79,1998369,7.30590135755709
2021-03,Lisboa,64126795.49,4927042,13.0152727518864,16137017.14,2119654,7.61304304381753
2021-03,Centro,46696551.0,3537657,13.1998526143151,11423337.39,1516680,7.53180459292666
2021-03,Alentejo,8163960.05,631521,12.9274561732706,2191749.36,286477,7.65069921843638
2021-06,Alentejo,7740733.19,598279,12.9383334364068,2076135.72,272317,7.62396662712941
2021-08,Alentejo,7780869.19,594821,13.0810263760022,2065244.84,270965,7.62181403502297
2021-09,Centro,46560520.87,3487038,13.352455829274,11189462.22,1493222,7.49350211823828
2021-10,Lisboa,66011773.77,5054432,13.0601764491045,16002162.07,2124646,7.53168389934135
2021-10,Algarve,7599226.88,544327,13.9607751957922,1664421.67,215569,7.721062258488
2021-11,Lisboa,68427756.42,5230567,13.0822827467844,16403117.91,2186699,7.50131495464168
2021-12,Centro,48953090.95,3641149,13.4444075070809,11665637.28,1558825,7.48360930829311
2022-01,Lisboa,65694263.22,4953004,13.2635191128455,16033507.48,2130304,7.52639411088746
2022-02,Algarve,7176150.1,509055,14.0970034672088,1590627.44,204404,7.78178235259584
2022-02,Alentejo,7730328.07,585225,13.209155572643,1999701.47,263883,7.57798520556459
2022-03,Lisboa,62335402.16,4723918,13.1956994511759,15283219.88,2025001,7.54726534949859
2022-03,Centro,44997049.14,3341359,13.4666909901031,10737446.34,1431045,7.50322061151117
