periodo;regiao;encargos_sns_ambulatorio;encargos_utentes_ambulatorio;valor_pvp_ambulatorio;encargos_sns_genericos ;encargos_sns_hospitalar
2011-02;Alentejo;5331347,88;2945829,73;8277177,61;1336286,30;2705067,03
2011-02;Lisboa;36115541,96;21764862,11;57880404,07;7928466,29;38689777,33
2011-04;Lisboa;36171734,88;22178340,73;58350075,61;7550812,57;39670207,77
2011-05;Centro;30370569,96;17840459,49;48211029,45;6497343,21;14960277,73
2011-06;Alentejo;5945367,26;3354674,14;9300041,40;1448161,88;2809763,96
2011-06;Algarve;4320830,94;2756443,29;7077274,23;867793,25;3413789,58
2011-06;Norte;34650220,69;19368988,90;54019209,59;7915057,43;25346502,94
2011-10;Centro;28819816,06;17870137,08;46689953,14;5457863,14;13251299,32
2011-12;Centro;30540869,02;17488822,95;48029691,97;5990866,50;13905193,84
2012-01;Lisboa;36533541,03;24051737,06;60585278,09;6946226,85;40044250,47
2012-02;Alentejo;4915828,25;2997070,43;7912898,68;1047905,83;2727153,67
2012-04;Lisboa;32970557,23;21024301,20;53994858,43;6080793,43;40209737,22
2012-05;Norte;31778875,24;18065140,81;49844016,05;6336848,26;26621949,39
2012-06;Algarve;3463120,35;2275655,66;5738776,01;593185,62;3204407,93
2012-07;Algarve;3680074,68;2345848,95;6025923,63;578492,15;3088001,23
2012-07;Norte;28715135,41;16317512,67;45032648,08;5563196,41;25885700,76
2012-08;Alentejo;4630875,42;2483966,30;7114841,72;929709,85;2756917,10
2012-08;Algarve;3817314,52;2283983,08;6101297,60;626833,60;3885766,68
2012-09;Centro;23649329,55;12520316,79;36169646,34;4413948,01;13101625,36
2013-01;Lisboa;32256734,59;20472094,25;52728828,84;6711139,77;41423750,34
2013-03;Algarve;3448372,55;2122552,40;5570924,95;644058,43;3144813,94
2013-03;Lisboa;31357457,78;19271456,44;50628914,22;6718404,65;40543094,49
2013-06;Norte;28054718,89;15857707,81;43912426,70;6127647,82;22553237,45
2013-07;Centro;26380156,78;14833573,03;41213729,81;5363733,92;14448528,46
2013-08;Algarve;3967534,58;2440050,57;6407585,15;733222,47;2917441,68
2013-09;Centro;24378140,75;13920802,95;38298943,70;4940545,87;13107715,99
2013-11;Alentejo;4711649,89;2764070,53;7475720,42;1063656,48;2568156,61
2014-01;Alentejo;4960001,46;2864186,17;7824187,63;1155367,12;2685929,24
2014-01;Algarve;3874253,03;2374780,27;6249033,30;724497,35;2634824,48
2014-02;Alentejo;4477260,29;2573049,25;7050309,54;1029257,20;2536946,61
2014-03;Alentejo;4732992,81;2672743,27;7405736,08;1100286,62;2608181,38
2014-04;Norte;28760553,73;17080390,24;45840943,97;6458980,63;27943621,17
2014-07;Lisboa;35800918,64;22729668,65;58530587,29;7851176,90;38097723,64
2014-08;Alentejo;4314169,40;2504898,61;6819068,01;1009955,70;2484426,37
2014-09;Algarve;3793211,52;2364420,22;6157631,74;706857,12;3056358,49
2014-09;Norte;29859460,02;17353944,64;47213404,66;6870375,17;24763745,80
2014-12;Alentejo;4712879,03;2702128,68;7415007,71;1096997,88;2829277,37
2014-12;Algarve;3781047,44;2299284,29;6080331,73;698240,05;3052806,04
2014-12;Centro;25815612,48;14830672,12;40646284,60;5341717,87;13234272,59
2015-01;Alentejo;4745849,87;2828717,44;7574567,31;1093475,85;2559295,96
2015-02;Centro;23813875,54;13869292,59;37683168,13;4841392,74;13108796,00
2015-04;Centro;25024864,62;14531733,32;39556597,94;5017200,18;15040847,29
2015-10;Lisboa;36095330,18;23163257,54;59258587,72;7913197,99;41303828,51
2015-11;Lisboa;34429050,49;21747200,79;56176251,28;7553445,04;40129001,13
2016-02;Centro;24524703,00;14067851,00;38592554,00;5100738,49;14872486,46
2016-04;Centro;25150512,24;14174316,71;39324828,95;5233069,43;14901554,42
2016-07;Algarve;3965005,15;2375095,54;6340100,69;716809,72;3435814,32
2016-08;Norte;29433181,47;16357611,27;45790792,74;6599161,61;29075272,50
2016-10;Centro;25901680,77;14767333,47;40669014,24;5264229,74;14949508,18
2016-10;Algarve;3807787,61;2315604,11;6123391,72;676967,49;2448552,82
2016-11;Norte;31876177,32;18430000,18;50306177,50;7031226,39;30480695,44
2016-11;Centro;26151113,48;14788067,22;40939180,70;5295328,58;17289773,06
2017-01;Lisboa;35853339,89;22170791,75;58024131,64;7677118,54;44110794,87
2017-04;Centro;23942097,75;13195634,93;37137732,68;4977323,10;14314312,89
2017-04;Alentejo;4382296,58;2461334,92;6843631,50;1016929,63;2826842,17
2017-04;Algarve;3659101,22;2194828,94;5853930,16;680279,84;3516473,45
2017-05;Centro;27008591,02;14735923,73;41744514,75;5679595,74;15897344,43
2017-05;Lisboa;36560192,94;22063959,98;58624152,92;8125714,19;44752627,36
2017-06;Alentejo;4702784,09;2561642,32;7264426,41;1104596,19;2883435,76
2017-07;Norte;32037456,51;17955013,73;49992470,24;7324865,74;30670397,19
2017-07;Algarve;4038299,47;2442193,68;6480493,15;754023,87;2985170,43
2017-08;Alentejo;4605517,27;2506643,98;7112161,25;1083770,90;2936120,37
2017-08;Algarve;4108232,67;2465333,82;6573566,49;767302,74;3698077,13
2018-01;Alentejo;4934236,57;2751751,28;7685987,85;1188602,09;3023823,99
2018-02;Norte;34039507,62;19209038,00;53248545,62;7850948,66;32363984,24
2018-02;Algarve;3664678,11;2177428,37;5842106,48;704350,97;3680633,97
2018-03;Norte;33443775,21;18608580,82;52052356,03;7706979,21;34927747,93
2018-05;Lisboa;36700841,05;21937666,22;58638507,27;8217655,65;45202269,20
2018-07;Centro;27873353,23;14864107,55;42737460,78;5902661,84;17699397,10
2018-10;Centro;22124568,75;11820831,09;33945399,84;4607595,51;18504893,35
2019-02;Alentejo;5461891,54;2950364,80;8412256,34;1300239,89;3007031,51
2019-04;Norte;33676730,24;18347069,14;52023799,38;7561882,88;37151577,89
2019-04;Centro;27471486,74;14379295,11;41850781,85;5757842,05;19352534,27
2019-05;Centro;22610541,45;11665209,86;34275751,31;4668000,22;19794566,51
2019-05;Algarve;4365069,91;2519657,78;6884727,69;827694,73;3968422,27
2019-06;Centro;26603101,69;13811041,08;40414142,77;5549702,65;17411923,66
2019-06;Lisboa;35313877,39;20285196,70;55599074,09;7828898,68;0,00
2019-06;Alentejo;4704815,10;2498574,38;7203389,48;1120024,08;2905364,44
2019-07;Norte;37478629,01;20012363,15;57490992,16;8396197,31;36507273,54
2019-08;Lisboa;34724137,85;19484959,13;54209096,98;7678489,69;0,00
2019-08;Alentejo;4834858,88;2536725,67;7371584,55;1141751,21;3079065,32
2019-08;Algarve;4514534,03;2615751,37;7130285,40;843884,75;3521525,24
2019-09;Norte;33682518,62;18115096,93;51797615,55;7483066,83;35545431,10
2019-10;Lisboa;40832009,42;23775034,43;64607043,85;8855347,42;0,00
2019-11;Norte;36216511,19;19822570,01;56039081,20;7954264,86;32492371,11
2019-11;Centro;29191950,46;15193404,65;44385355,11;5970301,03;16936122,41
2019-11;Alentejo;5107001,07;2682942,07;7789943,14;1196389,75;3346038,75
2019-11;Algarve;4334136,26;2499505,38;6833641,64;809934,55;2105406,71
2019-12;Norte;36289783,62;19697933,47;55987717,09;7948505,20;13557283,35
2020-03;Centro;36654376,15;18175559,77;54829935,92;7320248,30;20911789,29
2020-04;Alentejo;4886747,10;2437090,32;7323837,42;1139437,27;2937375,57
2020-08;Centro;26800459,68;13741383,14;40541842,82;5535855,09;18715618,73
2020-10;Norte;37482395,21;20801804,48;58284199,69;8095377,25;42356397,77
2020-10;Lisboa;39894867,58;23649619,28;63544486,86;8534726,98;0,00
2020-11;Norte;36462176,99;20013192,72;56475369,71;7915269,67;39741522,27
2020-11;Lisboa;39145732,48;22901900,37;62047632,85;8424608,52;0,00
2020-11;Alentejo;5124897,94;2727218,47;7852116,41;1197717,69;3697345,33
2020-12;Alentejo;5147427,28;2670814,13;7818241,41;1207973,80;3590752,65
2021-01;Centro;29624573,37;15092109,36;44716682,73;6114345,92;19304740,70
2021-02;Norte;34150280,00;17959841,00;52110122,00;7517384,00;36525583,26
2021-02;Centro;27490467,00;13957724,00;41448191,00;5705130,00;17997597,74
2021-02;Alentejo;4768079,00;2458387,00;7226466,00;1109885,00;3336084,84
2021-03;Centro;30935771,39;15760779,61;46696551,00;6443720,51;21327980,05
2021-06;Norte;36816334,60;19108287,18;55924621,78;8019472,41;44076271,98
2021-08;Alentejo;5180881,36;2599987,83;7780869,19;1188967,65;3717166,70
2021-09;Norte;38694367,98;20005177,55;58699545,53;8388848,83;52185780,60
2021-09;Lisboa;39852617,65;22048081,51;61900699,16;8518181,65;0,00
2021-10;Centro;31836634,88;16231348,30;48067983,18;6435297,51;22198795,55
2021-11;Lisboa;43475064,63;24952691,79;68427756,42;9106431,19;0,00
2021-11;Algarve;5001340,22;2803857,97;7805198,19;929262,07;2638712,70
2021-12;Norte;41318622,01;21399756,15;62718378,16;8822664,14;13106443,62
2021-12;Centro;32575486,41;16377604,54;48953090,95;6602092,11;19827751,28
2021-12;Alentejo;5526109,37;2791288,12;8317397,49;1249574,27;4012024,15
2022-02;Lisboa;40189524,29;22145877,87;62335402,16;8528965,47;0,00
2022-02;Centro;30052084,16;14944964,98;44997049,14;6113925,54;21357815,92
2022-02;Algarve;4629999,39;2546150,71;7176150,10;867543,77;2950436,14
2022-03;Centro;34416439,22;17264223,44;51680662,66;6997272,74;22273017,39
2011-01;Centro;27262189,40;15749556,94;43011746,34;5971915,71;14782195,77
2011-01;Lisboa;36412281,04;22433829,04;58846110,08;7971742,53;39887622,36
2011-02;Algarve;3891064,62;2417165,36;6308229,98;819396,97;3277668,06
2011-06;Lisboa;39788821,07;24492962,73;64281783,80;8565500,62;39749575,81
2011-07;Lisboa;40515569,70;26816619,15;67332188,85;7850086,31;41101050,21
2011-07;Norte;34970949,30;21144340,85;56115290,15;7200163,00;25782289,18
2011-11;Alentejo;5549627,27;3381996,24;8931623,51;1178619,71;2877248,69
2011-11;Centro;28896751,39;16922519,53;45819270,92;5633131,70;14750586,18
2011-11;Norte;33452800,09;19910349,48;53363149,57;6953414,01;26323622,32
2011-12;Lisboa;41153115,63;25772683,94;66925799,57;8103309,16;40608773,62
2011-12;Norte;36260946,10;20813641,40;57074587,50;7601384,65;25300854,92
2012-01;Algarve;3845727,30;2615773,80;6461501,10;664339,68;3482607,05
2012-03;Lisboa;38078257,89;23593767,36;61672025,25;7549360,73;39581383,24
2012-03;Norte;33492456,57;19177915,51;52670372,08;7080198,75;26682798,70
2012-04;Algarve;3572505,54;2386447,06;5958952,60;584260,77;3256811,21
2012-04;Centro;24913379,97;14615390,57;39528770,54;4526643,65;13086764,24
2012-05;Centro;27107286,58;14994735,87;42102022,45;5072232,83;15461896,76
2012-07;Lisboa;32609403,07;19835488,53;52444891,60;5933875,64;40600984,47
2012-10;Centro;26130579,55;14652841,12;40783420,67;4777849,60;15001663,16
2012-11;Alentejo;4470169,39;2479349,84;6949519,23;938283,14;2569867,54
2012-11;Norte;29210719,46;15895423,87;45106143,33;5964620,52;25238853,84
2012-12;Norte;28917931,30;15495266,41;44413197,71;5950852,10;21206816,13
2013-01;Alentejo;4575169,65;2736728,12;7311897,77;1003118,57;2818753,42
2013-01;Norte;29223919,44;17000389,82;46224309,26;6257859,55;28347134,27
2013-02;Lisboa;29637942,65;18501365,61;48139308,26;6320403,22;37668821,66
2013-03;Centro;23169353,00;13108371,59;36277724,59;4771098,44;14028973,70
2013-06;Centro;23598356,64;13233150,50;36831507,14;4806519,70;12548937,30
2013-09;Lisboa;32468511,97;20007238,59;52475750,56;6829210,18;34813325,11
2013-10;Algarve;3909029,17;2489458,00;6398487,17;705439,62;2743545,80
2013-10;Norte;32252597,02;19427040,04;51679637,06;6933519,32;23255994,19
2013-11;Algarve;3799972,53;2376924,32;6176896,85;687204,42;2544927,08
2013-12;Lisboa;35280489,31;21974032,86;57254522,17;7652549,92;34870060,87
2014-01;Centro;26642385,88;15397204,96;42039590,84;5519870,05;13997446,80
2014-01;Lisboa;36570062,74;23030978,00;59601040,74;7885169,67;37939348,02
2014-01;Norte;32132224,90;18787095,91;50919320,81;7223026,35;27998089,00
2014-02;Centro;23806968,44;13694756,74;37501725,18;4949580,16;12856983,17
2014-02;Lisboa;33233834,17;20822903,34;54056737,51;7195543,09;33479677,05
2014-02;Norte;28893857,01;16768931,26;45662788,27;6506689,03;23981495,71
2014-03;Algarve;3767689,53;2278610,60;6046300,13;705971,53;2994448,05
2014-04;Algarve;3560690,43;2260182,04;5820872,47;658880,16;2853604,06
2014-06;Centro;23758312,44;13673945,91;37432258,35;4949844,63;12940977,07
2014-08;Norte;27414273,56;15869373,86;43283647,42;6283197,64;25217004,13
2014-09;Centro;25125195,00;14645896,92;39771091,92;5294898,46;14278518,04
2014-09;Lisboa;33055360,83;20718410,13;53773770,96;7287873,32;35927312,89
2014-10;Algarve;3861674,71;2421072,31;6282747,02;708953,13;3224342,22
2014-11;Algarve;3627857,31;2216295,99;5844153,30;668808,26;3062561,35
2015-01;Norte;31559895,49;18867549,60;50427445,09;7101744,05;28116454,88
2015-01;Algarve;3827483,15;2373110,53;6200593,68;708589,79;3116593,32
2015-02;Algarve;3537715,56;2180077,94;5717793,50;651062,33;2904452,76
2015-04;Lisboa;34229852,22;21521967,79;55751820,01;7216435,53;39607311,50
2015-04;Alentejo;4627415,45;2709472,12;7336887,57;1042486,22;2978474,14
2015-05;Norte;29665573,00;17402217,06;47067790,06;6729306,30;23653701,88
2015-06;Norte;29396265,51;17017887,02;46414152,53;6667827,16;25330432,74
2015-06;Lisboa;33762198,46;21197955,12;54960153,58;7500953,80;39118008,45
2015-06;Algarve;3750938,72;2308741,17;6059679,89;693380,41;3253788,98
2015-08;Norte;28215557,68;16186343,27;44401900,95;6392244,28;26436038,46
2015-08;Centro;23724230,30;13558427,04;37282657,34;4914300,75;14071312,78
2015-10;Centro;26481388,16;15598376,55;42079764,71;5442064,06;15469370,56
2015-11;Alentejo;4540414,70;2615918,77;7156333,47;1055412,80;2520911,93
2015-12;Lisboa;36009240,43;22426119,51;58435359,94;7919041,57;41331673,24
2016-01;Alentejo;4423479,43;2584276,20;7007755,63;1020181,15;2576785,91
2016-02;Norte;29816361,64;17389933,56;47206295,20;6738856,76;25977774,64
2016-04;Norte;31019740,30;17757306,83;48777047,13;7047600,27;27532825,52
2016-06;Algarve;3820170,88;2285965,16;6106136,04;693605,92;3254526,29
2016-07;Centro;24971155,11;13944645,51;38915800,62;5137099,72;13841883,71
2016-07;Alentejo;4530679,06;2518497,44;7049176,50;1039664,20;2743037,65
2016-10;Lisboa;35086832,76;21909961,30;56996794,06;7501910,94;40870276,91
2016-10;Alentejo;4646467,54;2632058,83;7278526,37;1057505,21;2978732,00
2016-11;Lisboa;35355592,79;21910588,10;57266180,89;7550306,34;41868037,54
2016-11;Algarve;3847514,29;2329834,89;6177349,18;683593,24;3224193,91
2016-12;Centro;25911138,40;14625210,51;40536348,91;5254732,68;12192230,95
2016-12;Alentejo;4671101,70;2619748,88;7290850,58;1052048,99;2910015,39
2017-01;Norte;32556713,90;18818934,18;51375648,08;7229627,62;31790164,77
2017-02;Norte;29024312,67;16475678,09;45499990,76;6436632,20;29275444,92
2017-03;Centro;28112403,28;15257538,54;43369941,82;5693092,98;17756575,49
2017-03;Lisboa;38166587,76;22886603,35;61053191,11;8188969,20;46598227,45
2017-04;Lisboa;32735534,75;19890138,95;52625673,70;7266259,70;39485878,93
2017-05;Norte;32504097,11;18278040,33;50782137,44;7504047,30;31147135,13
2017-06;Centro;25880733,92;13996982,42;39877716,34;5442815,75;16373915,26
2017-07;Alentejo;4698493,78;2606149,55;7304643,33;1094514,53;2946561,73
2017-11;Centro;27001713,43;15045350,91;42047064,34;5589886,20;18140122,87
2018-01;Lisboa;37254033,46;22790144,41;60044177,87;8312846,40;46779441,08
2018-05;Algarve;4073553,63;2406076,71;6479630,34;775424,07;3832748,90
2018-06;Norte;32474935,26;17921306,17;50396241,43;7439036,26;35605257,91
2018-08;Lisboa;32652260,77;18882510,47;51534771,24;7371800,62;45622058,64
2018-08;Algarve;4211667,24;2531129,74;6742796,98;801962,82;4287196,45
2018-09;Centro;25823247,06;13741046,03;39564293,09;5517034,43;17514808,20
2018-10;Alentejo;5806909,85;3209792,39;9016702,24;1408998,87;3608137,84
2018-11;Norte;38537225,36;21618559,66;60155785,02;8819186,82;30600404,11
2018-12;Norte;37654142,10;20802363,43;58456505,53;8557387,30;8794250,40
2018-12;Alentejo;5538906,82;2998669,15;8537575,97;1338238,02;3098571,75
2019-03;Alentejo;4920256,99;2659311,81;7579568,80;1180943,84;3036979,78
2019-04;Alentejo;4826315,76;2589435,20;7415750,96;1148845,70;3075056,46
2019-10;Norte;37852862,51;20610465,94;58463328,45;8333368,62;0,00
2019-11;Lisboa;38707217,42;22623504,96;61330722,38;8404091,69;0,00
2019-12;Centro;29391674,19;15243159,69;44634833,88;6020206,34;15112420,15
2019-12;Lisboa;39468324,03;22865853,67;62334177,70;8594602,82;0,00
2020-01;Alentejo;5409851,07;2824577,74;8234428,81;1264001,30;3656859,74
2020-01;Algarve;4590919,74;2634579,62;7225499,36;851216,61;2966042,86
2020-03;Algarve;5757936,69;3115591,53;8873528,22;1035940,15;4632813,38
2020-05;Alentejo;4608600,00;2357759,53;6966359,53;1086870,72;2827419,91
2020-05;Algarve;3935706,15;2176107,48;6111813,63;736944,36;2885472,94
2020-06;Norte;33202403,35;17282785,27;50485188,62;7289935,70;38027437,90
2020-07;Norte;37149380,20;19338281,04;56487661,24;8779389,41;43897830,13
2020-07;Algarve;4688209,37;2658753,35;7346962,72;995997,15;2735356,07
2020-09;Lisboa;36663037,51;20944578,99;57607616,50;7875662,15;0,00
2020-10;Centro;30266046,48;16137957,65;46404004,13;6163502,90;21413262,49
2020-11;Algarve;4481512,90;2610252,95;7091765,85;848226,41;1921814,60
2020-12;Lisboa;39023293,89;22028096,15;61051390,04;8496337,46;0,00
2021-01;Norte;37074370,38;19556571,28;56630941,66;8116451,61;44390028,82
2021-01;Lisboa;39821715,25;22492950,64;62314665,89;8610521,51;0,00
2021-02;Algarve;4192414,00;2352969,00;6545383,00;803540,00;2925348,05
2021-03;Lisboa;41040376,74;23086418,75;64126795,49;8940576,77;0,00
2021-05;Lisboa;39619316,51;22316354,58;61935671,09;8605065,90;0,00
2021-07;Algarve;5040566,43;2842898,61;7883465,04;956486,41;3786990,03
2021-08;Algarve;4954357,64;2790064,93;7744422,57;934671,86;3212873,56
2021-10;Algarve;4874149,88;2725077,00;7599226,88;902716,44;2443773,77
2021-12;Algarve;4953008,33;2709329,70;7662338,03;925446,67;2014038,57
2022-01;Norte;40314142,60;20768991,02;61083133,62;8609053,63;50657443,86
2022-01;Centro;31651366,73;15848931,17;47500297,90;6409957,45;22970877,02
2011-03;Norte;35500011,35;19483608,84;54983620,19;8392089,80;28726795,42
2011-04;Algarve;3882386,56;2486730,99;6369117,55;759556,54;2998329,86
2011-04;Norte;31589015,01;18185177,31;49774192,32;6942394,65;25400964,56
2011-05;Lisboa;40573006,13;25851533,58;66424539,71;8604876,76;42187383,11
2011-07;Algarve;4669835,13;3203847,75;7873682,88;830359,14;3313197,38
2011-07;Centro;29863093,58;18117322,92;47980416,50;5756534,81;13959358,04
2011-09;Lisboa;36859931,13;23718024,89;60577956,02;7573919,46;39804256,88
2011-10;Alentejo;5455740,12;3497792,17;8953532,29;1141781,97;2745589,55
2011-11;Algarve;4049337,79;2717837,73;6767175,52;716813,57;2900624,76
2012-01;Norte;32622841,57;20088744,36;52711585,93;6645796,75;26825543,31
2012-03;Algarve;4129204,25;2679532,26;6808736,51;738698,05;2945164,75
2012-05;Lisboa;35994558,85;21938992,30;57933551,15;6777467,56;41921676,43
2012-06;Alentejo;4474907,56;2612221,62;7087129,18;938173,16;2576585,41
2012-06;Lisboa;31850208,81;19391107,24;51241316,05;6121991,33;37669723,04
2012-06;Norte;28457016,50;16283820,82;44740837,32;5815081,75;24042345,32
2012-07;Alentejo;4518258,00;2656027,50;7174285,50;893366,53;2818937,03
2012-08;Centro;25447081,18;12942668,92;38389750,10;4621799,21;14053572,66
2012-09;Alentejo;4370046,74;2357647,92;6727694,66;896738,00;2456377,05
2012-09;Algarve;3529590,23;2033982,85;5563573,08;591638,04;3030415,56
2012-10;Alentejo;4820760,55;2707415,98;7528176,53;962959,94;2937089,04
2012-11;Centro;24328218,90;13232575,64;37560794,54;4631452,08;13754338,97
2012-12;Algarve;3538783,20;2061417,28;5600200,48;617688,19;2247344,57
2013-01;Centro;24362338,80;14324525,71;38686864,51;4845037,87;14426059,35
2013-02;Algarve;3225271,51;2007909,36;5233180,87;605799,63;3178720,49
2013-03;Norte;27815018,23;15676593,82;43491612,05;6124786,76;26163924,25
2013-04;Alentejo;4751549,35;2843959,50;7595508,85;1053228,53;2903270,83
2013-05;Norte;31767023,31;18327473,53;50094496,84;6928861,15;26417449,40
2013-06;Alentejo;4421614,60;2491653,22;6913267,82;1000897,07;2463379,61
2013-07;Lisboa;36508151,90;22318893,24;58827045,14;7693157,76;39246541,99
2013-08;Alentejo;4495450,01;2526870,70;7022320,71;1033707,82;2559895,74
2013-10;Centro;26786577,93;15898087,25;42684665,18;5348242,63;14238102,13
2013-11;Centro;25405888,81;14817114,78;40223003,59;5163046,68;12863614,22
2014-03;Centro;25171544,70;14267632,77;39439177,47;5288564,07;13458686,28
2014-06;Norte;28168686,34;16255771,04;44424457,38;6376301,25;23942957,33
2014-07;Norte;31126489,67;18320362,26;49446851,93;7099210,04;28626752,37
2014-08;Algarve;3736060,79;2385355,37;6121416,16;700993,94;2849857,24
2014-08;Lisboa;29433649,77;18219586,59;47653236,36;6509235,30;33762809,14
2014-11;Lisboa;33411583,09;21137651,76;54549234,85;7220773,19;33166965,16
2014-11;Norte;29745262,07;17416496,62;47161758,69;6733223,46;22970187,63
2015-01;Centro;26096856,52;15462647,43;41559503,95;5359674,80;13742449,57
2015-02;Norte;28922107,51;16993041,01;45915148,52;6445442,25;25856672,25
2015-03;Norte;30997066,97;17955628,93;48952695,90;6905108,28;23775405,05
2015-04;Norte;30345047,49;17671428,06;48016475,55;6695502,91;27419838,99
2015-05;Lisboa;33928919,12;21529023,59;55457942,71;7440007,09;37284614,96
2015-07;Algarve;4049590,84;2531863,02;6581453,86;754253,79;3502441,67
2015-09;Centro;25072971,19;14518655,14;39591626,33;5247768,86;15308347,60
2015-09;Algarve;3822008,25;2349267,27;6171275,52;713068,58;3157378,59
2015-10;Norte;32378288,61;19366577,90;51744866,51;7250365,61;28851925,48
2015-10;Algarve;3827939,14;2383286,34;6211225,48;709375,85;3439906,13
2015-12;Centro;26137091,59;14919200,06;41056291,65;5412035,55;15811663,13
2016-01;Norte;30450538,33;17976892,81;48427431,14;6821913,72;29380535,10
2016-02;Lisboa;33847730,65;21080457,50;54928188,15;7449694,35;41162149,08
2016-02;Alentejo;4495418,67;2604887,67;7100306,34;1045871,26;2732711,64
2016-02;Algarve;3650010,36;2239605,25;5889615,61;674355,36;3082860,99
2016-03;Centro;26077995,50;14749086,51;40827082,01;5447117,16;16017668,80
2016-03;Algarve;3962385,43;2394721,18;6357106,61;740964,10;3428920,61
2016-04;Lisboa;34586152,63;21179113,32;55765265,95;7583088,77;39078603,56
2016-04;Alentejo;4639849,29;2613519,62;7253368,91;1081249,77;2759768,08
2016-04;Algarve;3773611,77;2270097,29;6043709,06;696990,77;3015000,54
2016-06;Norte;29874437,80;16847090,30;46721528,10;6731695,87;29357739,89
2016-06;Alentejo;4578941,13;2558359,55;7137300,68;1059396,94;2890132,32
2016-08;Alentejo;4561008,00;2502023,23;7063031,23;1044987,06;2845515,15
2016-09;Norte;30416864,89;17256093,79;47672958,68;6853128,93;29181918,22
2016-12;Norte;31499692,15;18162887,96;49662580,11;6945859,92;23755169,37
2017-01;Centro;26642990,38;14963469,86;41606460,24;5442337,21;16542680,34
2017-01;Alentejo;4841617,55;2707942,12;7549559,67;1093201,24;2960096,26
2017-02;Centro;23840429,30;13072973,81;36913403,11;4830678,62;13825944,69
2017-02;Alentejo;4341459,45;2409751,52;6751210,97;973493,51;2599735,91
2017-07;Lisboa;36158632,01;21621048,24;57779680,25;8035709,59;42817827,39
2017-08;Norte;30461545,32;16747063,61;47208608,93;6959675,98;34322235,74
2017-09;Centro;25840542,45;13975153,31;39815695,76;5433996,26;15796803,20
2017-09;Lisboa;34002364,72;20229788,39;54232153,11;7609938,93;41394112,10
2017-09;Alentejo;4631695,03;2534618,92;7166313,95;1096619,64;2893545,95
2017-10;Alentejo;4784080,10;2730139,03;7514219,13;1117638,38;3182784,97
2017-10;Algarve;3886309,55;2399771,85;6286081,40;716598,48;3312460,47
2017-11;Lisboa;35830621,19;22199290,80;58029911,99;7867446,33;44787144,12
2017-12;Norte;31342692,74;18071598,15;49414290,89;7082768,07;9630408,85
2017-12;Lisboa;34711671,75;21302991,33;56014663,08;7651396,38;41149254,51
2017-12;Alentejo;4515817,48;2528072,75;7043890,23;1063679,83;2889264,57
2018-02;Lisboa;34314647,76;20642143,25;54956791,01;7728771,65;41779782,98
2018-03;Centro;27278279,25;14632491,88;41910771,13;5774591,68;17829513,64
2018-03;Lisboa;36902130,67;21940500,26;58842630,93;8288550,03;45004380,32
2018-03;Alentejo;4888973,52;2665596,10;7554569,62;1179438,86;3126427,16
2018-04;Norte;35909478,16;20002548,96;55912027,12;8217186,21;37286531,59
2018-04;Centro;20048754,27;10723109,61;30771863,88;4145259,54;16920785,83
2018-05;Norte;32998869,06;18357634,46;51356503,52;7554216,17;26814848,99
2018-05;Centro;27036052,67;14542919,08;41578971,75;5722327,93;17840153,88
2018-07;Norte;33808831,68;18728280,02;52537111,70;7726029,48;36557844,79
2018-08;Norte;31453889,67;17142403,11;48596292,78;7201782,67;35906739,58
2018-10;Norte;39820278,19;22357081,65;62177359,84;9088483,09;39560288,03
2018-12;Lisboa;37972081,77;22516705,89;60488787,66;8562896,34;0,00
2019-02;Centro;20337488,04;10707923,13;31045411,17;4169665,50;17178925,95
2019-02;Lisboa;36824123,33;21741278,04;58565401,37;8145986,98;0,00
2019-03;Norte;34321524,76;18830622,97;53152147,73;7727026,15;36459754,16
2019-05;Lisboa;40387212,08;23457872,74;63845084,82;8965070,95;0,00
2019-06;Algarve;4033021,44;2328257,12;6361278,56;764455,24;3599870,01
2019-07;Centro;30590997,69;15807138,50;46398136,19;6375529,34;19924121,67
2019-07;Algarve;4695281,89;2742113,14;7437395,03;883092,65;4052129,75
2019-09;Centro;27509597,77;14239269,35;41748867,12;5697141,59;18190754,83
2019-09;Alentejo;4850259,52;2543292,94;7393552,46;1144015,33;3221223,03
2019-09;Algarve;4195329,41;2420010,18;6615339,59;790778,57;4034211,33
2019-12;Algarve;4360699,18;2490447,76;6851146,94;805257,42;1470465,10
2020-01;Centro;30818488,68;15946384,21;46764872,89;6319849,51;20260728,29
2020-01;Lisboa;40924197,88;23684235,78;64608433,66;8844000,57;0,00
2020-02;Centro;28269879,51;14610737,16;42880616,67;5762685,33;18772677,04
2020-02;Lisboa;38444536,43;22152753,37;60597289,80;8254485,46;0,00
2020-03;Norte;45127120,66;22950500,58;68077621,24;9600194,87;40992396,27
2020-03;Lisboa;50346723,67;27523384,56;77870108,23;10581823,99;0,00
2020-06;Alentejo;4853826,52;2509147,46;7362973,98;1141606,96;3246375,05
2020-07;Centro;30297701,20;15333871,27;45631572,47;6808744,23;21225677,06
2020-07;Alentejo;5306305,16;2723324,80;8029629,96;1307271,23;3534480,21
2020-09;Norte;34944215,99;18740789,26;53685005,25;7632430,34;41178416,03
2020-09;Alentejo;4999279,79;2604320,85;7603600,64;1160126,54;3325495,79
2020-11;Centro;29795886,32;15713208,09;45509094,41;6082246,24;20685756,42
2021-03;Algarve;4766049,35;2699269,24;7465318,59;918463,52;3294961,54
2021-03;Alentejo;5372641,09;2791318,96;8163960,05;1259476,21;3226129,78
2021-04;Norte;36630781,00;19223349,00;55854130,00;8083555,00;48335362,64
2021-04;Lisboa;38452282,00;21584601,00;60036883,00;8365283,00;0,00
2021-04;Algarve;4522863,00;2538758,00;7061621,00;867567,00;3027514,26
2021-06;Lisboa;39090437,06;21749957,96;60840395,02;8454322,60;0,00
2021-07;Centro;31930273,73;16066077,62;47996351,35;6559241,46;22930224,77
2021-07;Alentejo;5524176,54;2790685,33;8314861,87;1271838,02;3767850,26
2021-08;Lisboa;37200654,62;20169572,55;57370227,17;8036309,90;0,00
2021-08;Centro;30253153,04;15035998,86;45289151,90;6225003,64;21950182,83
2021-11;Norte;41448555,05;22130064,86;63578619,91;8791860,81;50002728,42
2021-11;Centro;32725197,40;16825810,93;49551008,33;6609901,84;24163407,18
2021-11;Alentejo;5583495,36;2872390,71;8455886,07;1249481,37;4159941,19
2021-12;Lisboa;43402808,92;24108828,14;67511637,06;9173399,00;0,00
2022-03;Algarve;5347734,10;2957829,96;8305564,06;1019086,17;3584528,36
2022-03;Alentejo;5914148,07;3001064,65;8915212,72;1338955,07;3953658,27
2011-01;Alentejo;5377795,95;3029425,96;8407221,91;1357521,66;2774186,44
2011-01;Norte;32193671,03;18474824,53;50668495,56;7441560,63;27976760,68
2011-02;Centro;26820693,66;15201533,44;42022227,10;5931993,65;13817577,66
2011-03;Alentejo;6013595,58;3241438,95;9255034,53;1524954,39;3041527,30
2011-03;Centro;30273143,85;16694856,39;46968000,24;6776217,96;15249042,97
2011-03;Lisboa;40336813,41;23848540,05;64185353,46;8971660,68;42615092,60
2011-04;Alentejo;5266820,03;3025345,39;8292165,42;1245771,92;2588288,71
2011-04;Centro;26818443,12;15582873,01;42401316,13;5570449,84;13733672,35
2011-05;Alentejo;6068224,96;3561672,25;9629897,21;1454943,44;2820105,68
2011-05;Algarve;4391555,18;2895330,94;7286886,12;876145,83;3470740,18
2011-07;Alentejo;5834352,15;3672445,78;9506797,93;1251945,93;2676939,90
2011-08;Alentejo;5397497,30;3291820,15;8689317,45;1206860,38;2823826,90
2011-08;Algarve;4432532,28;2988992,16;7421524,44;803752,26;3299500,94
2011-08;Centro;27828512,85;16388027,64;44216540,49;5593946,61;14542192,19
2011-09;Alentejo;5499604,83;3396375,23;8895980,06;1244373,92;2696257,26
2011-09;Algarve;4196945,67;2837344,60;7034290,27;779013,11;3068758,61
2011-10;Algarve;4037142,28;2850827,85;6887970,13;689136,54;2916400,13
2011-10;Lisboa;37429523,11;25292107,15;62721630,26;7144738,79;39599581,88
2011-10;Norte;33666527,88;21289184,39;54955712,27;6831774,02;26536575,16
2012-01;Centro;28014748,20;16770118,72;44784866,92;5296210,30;13925492,21
2012-02;Algarve;3732606,98;2528123,39;6260730,37;659504,91;3269509,89
2012-02;Centro;26484172,67;15437129,43;41921302,10;5210201,31;13613446,79
2012-02;Lisboa;34789175,44;22542649,06;57331824,50;6869650,68;39204672,26
2012-02;Norte;31189491,27;18723022,03;49912513,30;6531181,19;25546165,19
2012-04;Alentejo;4671031,76;2804022,59;7475054,35;927657,26;2651796,35
2012-04;Norte;29139727,01;17458568,84;46598295,85;5694773,52;24562566,82
2012-07;Centro;24542290,05;13743194,12;38285484,17;4372785,64;13918187,51
2012-08;Lisboa;30130357,17;17094515,66;47224872,83;5673308,85;39598048,16
2012-09;Lisboa;30624463,97;17453273,66;48077737,63;5836555,94;37431674,52
2012-10;Algarve;3745606,03;2242552,94;5988158,97;611882,66;3464123,25
2012-10;Norte;31129729,14;17494619,90;48624349,04;6094935,66;26421851,59
2012-11;Algarve;3572176,89;2099213,55;5671390,44;606325,22;3030918,06
2012-12;Alentejo;4366425,26;2384065,63;6750490,89;932378,47;2216212,48
2012-12;Centro;23880805,24;12815871,51;36696676,75;4574765,71;13007363,37
2013-03;Alentejo;4355806,63;2521310,56;6877117,19;979071,53;2753796,41
2013-05;Alentejo;5034064,85;2918321,76;7952386,61;1120815,89;3019200,59
2013-05;Centro;26521400,89;15273723,21;41795124,10;5386596,93;14578267,07
2013-06;Algarve;3607149,87;2186894,92;5794044,79;666960,67;2768135,20
2013-07;Norte;31573894,65;17842582,22;49416476,87;6925963,57;24941066,91
2013-09;Norte;29197527,19;16734145,11;45931672,30;6374453,58;22529447,74
2013-10;Alentejo;4860002,69;2905017,27;7765019,96;1094521,83;2856375,97
2014-03;Norte;30491812,01;17398448,18;47890260,19;6931080,52;20956551,28
2014-04;Alentejo;4439760,04;2649254,52;7089014,56;1023192,82;2550727,00
2014-04;Lisboa;33053670,83;21144919,44;54198590,27;7198350,68;36617022,37
2014-05;Alentejo;4849471,90;2857296,53;7706768,43;1114843,88;2700013,84
2014-05;Algarve;3761397,38;2378527,78;6139925,16;701244,17;3076235,36
2014-06;Alentejo;4483991,44;2580062,97;7064054,41;1037133,80;2594740,92
2014-06;Lisboa;32597755,65;20365722,89;52963478,54;7132689,54;34174903,60
2014-07;Centro;25879868,76;15273355,53;41153224,29;5407408,77;14131177,31
2014-09;Alentejo;4585835,08;2655485,77;7241320,85;1068650,80;2715235,14
2014-10;Alentejo;4912589,22;2894102,62;7806691,84;1131778,12;2819407,66
2014-10;Lisboa;36119389,70;23255193,20;59374582,90;7758839,07;36255391,79
2014-10;Norte;32096027,88;19151424,49;51247452,37;7181660,89;27487539,44
2014-11;Alentejo;4495049,73;2615839,27;7110889,00;1041776,49;2490642,78
2014-11;Centro;24636897,58;14318200,42;38955098,00;5083112,08;13160595,53
2014-12;Lisboa;35554781,22;22147170,59;57701951,81;7705004,76;35089324,66
2014-12;Norte;31258963,11;17986446,45;49245409,56;7054292,61;22292043,21
2015-02;Alentejo;4427901,94;2594922,01;7022823,95;1016304,49;2570498,47
2015-03;Lisboa;35592060,75;22262467,63;57854528,38;7617452,85;39492476,61
2015-03;Algarve;3829398,52;2357305,97;6186704,49;697405,13;3145135,18
2015-04;Algarve;3758566,95;2318550,46;6077117,41;676404,67;3276796,31
2015-05;Centro;24536846,40;14288349,61;38825196,01;5072611,36;14367558,26
2015-05;Alentejo;4537732,72;2678901,43;7216634,15;1037574,69;2500888,17
2015-07;Alentejo;4840803,19;2808482,60;7649285,79;1123325,63;2924576,64
2015-08;Lisboa;30169709,45;18447682,59;48617392,04;6751852,58;36722357,93
2015-09;Norte;30002821,59;17490665,29;47493486,88;6849538,24;27343822,95
2015-09;Lisboa;33317295,98;20819135,15;54136431,13;7448124,27;37217650,73
2015-11;Centro;25328475,59;14697832,73;40026308,32;5242872,39;15149957,30
2015-11;Algarve;3755020,18;2308664,62;6063684,80;688583,50;3261824,86
2015-12;Norte;31690935,19;18322993,33;50013928,52;7130267,96;26894430,12
2016-01;Centro;25109300,80;14707863,86;39817164,66;5190213,00;14834228,63
2016-01;Algarve;3713960,89;2297103,72;6011064,61;685261,52;3348016,55
2016-03;Lisboa;35986586,10;22114904,94;58101491,04;7955444,52;42696340,46
2016-05;Norte;31410151,18;17862473,12;49272624,30;7085312,80;26870458,57
2016-05;Centro;25788014,35;14444954,18;40232968,53;5352235,03;15448848,26
2016-06;Lisboa;33964041,01;20571253,69;54535294,70;7413846,40;41115733,39
2016-07;Norte;30630963,80;17225187,12;47856150,92;6845888,45;27227269,87
2016-08;Lisboa;31405246,23;18554469,17;49959715,40;6848587,67;41572112,52
2016-09;Centro;25325490,56;14135571,63;39461062,19;5195731,32;15204764,82
2016-09;Lisboa;33262144,33;20220063,96;53482208,29;7206054,56;41144912,46
2016-09;Alentejo;4571504,47;2551592,73;7123097,20;1051476,31;2963912,22
2016-09;Algarve;3797757,38;2290318,40;6088075,78;681758,23;3303227,79
2016-10;Norte;31770780,58;18493210,71;50263991,29;7034091,65;27221467,75
2016-11;Alentejo;4735107,76;2660924,09;7396031,85;1071257,04;2913405,77
2016-12;Lisboa;35605378,47;21963624,34;57569002,81;7595643,96;40681781,81
2016-12;Algarve;3840196,74;2297782,24;6137978,98;681008,28;2212368,04
2017-01;Algarve;3881394,75;2335754,16;6217148,91;701392,73;3753105,51
2017-02;Lisboa;32794645,17;19928245,64;52722890,81;7023297,46;38753875,85
2017-02;Algarve;3534683,81;2110239,53;5644923,34;639631,39;3176132,06
2017-03;Norte;33933801,70;19060049,99;52993851,69;7513784,80;35462266,76
2017-03;Algarve;4146441,43;2456724,99;6603166,42;750600,99;4091530,50
2017-04;Norte;29124114,61;16520144,24;45644258,85;6622059,05;29920564,17
2017-05;Alentejo;4935000,47;2732762,61;7667763,08;1164995,67;3172253,60
2017-05;Algarve;4002517,79;2396487,10;6399004,89;755841,81;2619911,45
2017-06;Lisboa;34717337,60;20634099,17;55351436,77;7760043,93;42790637,41
2017-06;Algarve;3898027,09;2314934,71;6212961,80;737750,49;3719245,35
2017-08;Centro;25747210,35;13845150,77;39592361,12;5380755,46;15900437,03
2017-08;Lisboa;32007036,03;18694516,01;50701552,04;7163133,04;42339311,26
2017-10;Centro;26716474,67;15011030,86;41727505,53;5510785,67;17056727,66
2017-11;Alentejo;4801559,45;2700763,26;7502322,71;1126339,41;3136174,52
2017-11;Algarve;3954617,20;2382112,44;6336729,64;738003,75;3136232,97
2018-01;Centro;27831381,32;15356885,23;43188266,55;5879477,29;17215597,97
2018-02;Centro;19086332,09;10302652,22;29388984,31;3992238,02;16340626,32
2018-02;Alentejo;5177662,80;2856722,92;8034385,72;1253500,01;2791922,11
2018-04;Alentejo;5404703,08;2967241,37;8371944,45;1295863,32;3098986,79
2018-04;Algarve;3874547,98;2278334,32;6152882,30;732170,36;4003329,87
2018-06;Alentejo;4747878,83;2585172,90;7333051,73;1149025,69;3222058,55
2018-06;Algarve;4055316,75;2380037,28;6435354,03;771040,32;4067314,72
2018-09;Lisboa;33590432,51;19817471,67;53407904,18;7655865,79;42086455,46
2018-11;Centro;21476513,10;11422011,65;32898524,75;4478941,67;15900577,94
2018-11;Lisboa;38369553,78;22994244,19;61363797,97;8682572,21;44801286,07
2018-11;Alentejo;5727077,14;3138800,15;8865877,29;1396642,41;3231523,19
2018-11;Algarve;4127205,69;2438955,81;6566161,50;784870,45;395069,56
2019-01;Centro;40131384,75;24066424,71;64197809,46;8961370,22;20224547,58
2019-01;Lisboa;22239568,45;11867520,61;34107089,06;4602461,13;0,00
2019-02;Norte;37107334,13;20614444,77;57721778,90;8324354,50;37046050,21
2019-02;Algarve;3914925,10;2312802,50;6227727,60;740516,13;4042951,32
2019-03;Lisboa;37327810,37;21992190,01;59320000,38;8299282,57;0,00
2019-06;Norte;32326477,96;17331548,20;49658026,16;7220990,15;34245069,00
2019-08;Norte;33761747,39;17840215,82;51601963,21;7532631,96;38881992,53
2019-08;Centro;27960253,02;14347982,14;42308235,16;5805929,58;17651327,06
2020-02;Algarve;4318388,21;2479885,12;6798273,33;802567,30;2848607,94
2020-03;Alentejo;6584267,81;3300163,41;9884431,22;1483492,21;3491390,18
2020-04;Norte;32336676,50;16060884,72;48397561,22;7016878,77;37020507,00
2020-05;Lisboa;33717595,34;18450932,81;52168528,15;7355315,71;0,00
2020-06;Centro;27661557,20;13982277,93;41643835,13;5737633,44;18593035,14
2020-06;Algarve;4186446,50;2356101,82;6542548,32;796273,17;2850344,99
2020-08;Lisboa;32856158,52;18284518,56;51140677,08;7163402,58;0,00
2020-08;Alentejo;4708279,94;2443544,77;7151824,71;1101860,27;2966572,70
2020-09;Centro;28466516,29;14705536,52;43172052,81;5859364,37;19377434,84
2020-09;Algarve;4421212,01;2530917,98;6952129,99;826566,48;2370412,50
2020-10;Alentejo;5153787,38;2763704,39;7917491,77;1197288,92;3877761,19
2021-01;Algarve;4583152,52;2577011,81;7160164,33;867659,61;2784644,59
2021-02;Lisboa;36222848,00;20299219,00;56522067,00;7916485,00;0,00
2021-04;Centro;29355189,00;14922794,00;44277983,00;6102288,00;21244620,16
2021-04;Alentejo;5102194,00;2628423,00;7730617,00;1183477,00;3593596,58
2021-05;Norte;37484063,49;19678598,11;57162661,60;8222710,30;38002503,23
2021-05;Centro;29873543,42;15144907,81;45018451,23;6189488,47;22575345,30
2021-05;Algarve;4605104,33;2601280,89;7206385,22;878163,57;2951372,32
2021-05;Alentejo;5143078,05;2675485,31;7818563,36;1196096,97;3530339,39
2021-09;Alentejo;5276149,61;2653675,87;7929825,48;1204419,15;3863549,94
2021-10;Norte;40319509,10;21405616,48;61725125,58;8586196,86;48159092,76
2022-01;Lisboa;42328759,88;23365503,34;65694263,22;8931878,78;0,00
2022-01;Algarve;4858062,36;2667623,40;7525685,76;916130,99;2964569,70
2011-01;Algarve;3883052,82;2438349,33;6321402,15;821313,02;3480241,41
2011-02;Norte;31277271,41;17642792,26;48920063,67;7314057,50;25979188,48
2011-03;Algarve;4344470,27;2634773,81;6979244,08;918212,90;3512595,53
2011-05;Norte;35457873,83;20617992,59;56075866,42;8006913,03;27435735,89
2011-06;Centro;29712256,08;16591577,17;46303833,25;6387877,32;14358921,80
2011-08;Lisboa;34402351,98;21923287,84;56325639,82;6979954,29;39971260,99
2011-08;Norte;31784560,56;18853869,63;50638430,19;6807184,49;25610461,17
2011-09;Centro;29223825,21;17163890,98;46387716,19;5973198,96;14559712,32
2011-09;Norte;33500620,83;19754160,90;53254781,73;7304760,40;26168544,89
2011-11;Lisboa;37444895,23;24400880,36;61845775,59;7303446,31;41682966,04
2011-12;Alentejo;5836202,60;3456141,18;9292343,78;1261751,53;2662510,56
2011-12;Algarve;4385954,40;2845678,93;7231633,33;775026,52;2554969,34
2012-01;Alentejo;5319246,47;3321267,78;8640514,25;1099774,25;2934224,39
2012-03;Alentejo;5500928,54;3178414,15;8679342,69;1202573,39;2877870,02
2012-03;Centro;28442629,12;15941037,05;44383666,17;5643510,56;15107001,65
2012-05;Alentejo;5124095,34;2932449,85;8056545,19;1053693,73;2806247,41
2012-05;Algarve;3915595,42;2448410,27;6364005,69;654601,66;3588896,35
2012-06;Centro;24376538,92;13576576,89;37953115,81;4636516,41;13396905,43
2012-08;Norte;28219764,86;15042851,46;43262616,32;5592163,99;26140427,87
2012-09;Norte;27949061,34;14694163,78;42643225,12;5610413,81;23708183,10
2012-10;Lisboa;34596479,48;20830567,33;55427046,81;6535170,32;42288235,91
2012-11;Lisboa;32171299,09;18886146,64;51057445,73;6359047,82;40564123,27
2012-12;Lisboa;32862471,40;19030385,57;51892856,97;6582741,20;37692366,18
2013-01;Algarve;3516113,59;2219876,94;5735990,53;643973,01;3580096,19
2013-02;Alentejo;4069340,90;2395728,91;6465069,81;916429,94;2623681,52
2013-02;Centro;22165959,49;12812393,74;34978353,23;4512058,74;13243740,80
2013-02;Norte;26501051,79;15169328,53;41670380,32;5815147,86;23700675,73
2013-04;Algarve;3790849,19;2390766,11;6181615,30;694311,68;3211674,59
2013-04;Centro;25576194,49;14963398,21;40539592,70;5150617,69;13929707,72
2013-04;Lisboa;35597080,23;22625342,62;58222422,85;7412361,83;40164544,12
2013-04;Norte;30776125,89;17910317,85;48686443,74;6632063,28;24639936,65
2013-05;Algarve;3948402,66;2447675,80;6396078,46;724734,69;3079230,08
2013-05;Lisboa;36884127,19;23215666,29;60099793,48;7751295,19;40672905,46
2013-06;Lisboa;32666947,32;20050479,18;52717426,50;6832582,75;34340572,12
2013-07;Alentejo;4934885,26;2785591,87;7720477,13;1113856,65;2849299,56
2013-07;Algarve;4059411,54;2506674,47;6566086,01;752998,93;3253862,56
2013-08;Centro;24086164,07;13450880,02;37537044,09;4925550,72;13208902,85
2013-08;Lisboa;30926454,15;18547626,97;49474081,12;6576619,77;34962710,38
2013-08;Norte;28332355,03;15788453,14;44120808,17;6254066,27;24007870,40
2013-09;Alentejo;4520460,82;2588911,52;7109372,34;1028394,88;2555214,56
2013-09;Algarve;3733692,27;2300275,77;6033968,04;684658,25;2823370,91
2013-10;Lisboa;36565829,42;23563355,59;60129185,01;7573334,07;36969830,86
2013-11;Lisboa;35256459,40;22325893,74;57582353,14;7404333,93;34813982,37
2013-11;Norte;30704874,78;18203242,26;48908117,04;6745483,69;24866523,55
2013-12;Alentejo;4663740,99;2666660,88;7330401,87;1077939,72;2491386,87
2013-12;Algarve;3752950,48;2284556,97;6037507,45;702113,45;2874763,02
2013-12;Centro;25283348,87;14415035,21;39698384,08;5281796,75;13024903,03
2013-12;Norte;30747716,29;17703920,20;48451636,49;6946169,58;20673018,64
2014-02;Algarve;3539906,65;2166607,17;5706513,82;662505,88;2837748,93
2014-03;Lisboa;34899070,71;21539388,88;56438459,59;7660990,24;36887664,83
2014-04;Centro;23930632,07;14176283,10;38106915,17;4951131,47;13647513,11
2014-05;Centro;25565881,70;14972415,13;40538296,83;5318957,00;13657060,88
2014-05;Lisboa;35201287,41;22377390,32;57578677,73;7692597,51;36072101,74
2014-05;Norte;30693464,12;18005798,20;48699262,32;6970169,33;25737917,76
2014-06;Algarve;3577644,80;2216720,25;5794365,05;665631,22;2977703,20
2014-07;Alentejo;4826446,64;2838477,22;7664923,86;1122100,46;2778196,60
2014-07;Algarve;3993134,48;2540127,07;6533261,55;745356,20;3141075,33
2014-08;Centro;23133551,69;13446372,41;36579924,10;4834868,34;12386263,71
2014-10;Centro;26648324,66;15801507,57;42449832,23;5459157,25;14703853,28
2015-01;Lisboa;35564268,98;22916423,39;58480692,37;7671848,09;37532596,83
2015-02;Lisboa;32824468,53;20751209,85;53575678,38;7023582,84;35348759,08
2015-03;Centro;25646922,06;14710541,52;40357463,58;5208544,57;14795089,99
2015-03;Alentejo;4767050,65;2766179,01;7533229,66;1095897,67;2786330,22
2015-05;Algarve;3732688,94;2300592,86;6033281,80;689355,11;3126876,57
2015-06;Centro;24798402,36;14262040,18;39060442,54;5176469,37;15260997,15
2015-06;Alentejo;4535270,17;2621485,63;7156755,80;1050259,90;2860254,19
2015-07;Norte;31946121,26;18579201,13;50525322,39;7237690,47;28716648,01
2015-07;Centro;26300913,15;15320410,81;41621323,96;5472083,57;15420947,43
2015-07;Lisboa;36328044,48;22866040,90;59194085,38;8052369,55;41570818,53
2015-08;Alentejo;4278681,04;2466034,75;6744715,79;991208,84;2641214,69
2015-08;Algarve;3880313,45;2406938,78;6287252,23;711963,24;3163850,35
2015-09;Alentejo;4579566,62;2666063,58;7245630,20;1071917,86;2692282,03
2015-10;Alentejo;4778016,54;2795584,35;7573600,89;1114734,63;2783544,76
2015-11;Norte;30831178,85;18127242,20;48958421,05;6942077,38;25971035,00
2015-12;Alentejo;4698257,77;2678105,12;7376362,89;1089689,71;2727927,10
2015-12;Algarve;3887424,84;2361641,30;6249066,14;724577,94;3241869,99
2016-01;Lisboa;34513765,80;21884685,41;56398451,21;7545000,78;39961379,72
2016-03;Norte;31644161,61;18276167,58;49920329,19;7184070,52;30308225,43
2016-03;Alentejo;4759816,37;2694320,64;7454137,01;1111431,60;2964899,11
2016-05;Lisboa;35507332,01;21744734,13;57252066,14;7787605,74;41742571,49
2016-05;Alentejo;4746316,69;2664756,10;7411072,79;1097096,38;2803344,78
2016-05;Algarve;3859183,61;2315845,13;6175028,74;710652,88;3383681,36
2016-06;Centro;24975115,55;13900122,61;38875238,16;5168316,81;15445781,43
2016-07;Lisboa;34756419,20;21058877,70;55815296,90;7591575,57;40164275,57
2016-08;Centro;24789395,15;13699039,19;38488434,34;5094985,46;16564630,69
2016-08;Algarve;4027028,85;2438848,96;6465877,81;729140,46;3546352,53
2017-03;Alentejo;5141118,47;2815342,96;7956461,43;1151052,20;3276818,76
2017-06;Norte;30882413,62;17200899,33;48083312,95;7114931,19;33256015,77
2017-07;Centro;26359913,54;14327728,81;40687642,35;5487584,87;15566907,17
2017-09;Norte;31222594,96;17435786,12;48658381,08;7153086,49;29984835,67
2017-09;Algarve;3870236,11;2300423,58;6170659,69;729833,71;3614037,96
2017-10;Norte;32675385,41;19155653,98;51831039,39;7346979,03;33483096,55
2017-10;Lisboa;35563167,98;22258857,66;57822025,64;7755008,07;43272566,36
2017-11;Norte;32807138,81;19060954,05;51868092,86;7391412,49;31919559,44
2017-12;Centro;25674789,71;14175913,33;39850703,04;5299794,10;14193373,66
2017-12;Algarve;3710285,95;2233727,96;5944013,91;696435,29;2369624,74
2018-01;Norte;34073174,90;19532294,78;53605469,68;7791830,53;35036570,61
2018-01;Algarve;4043873,56;2439663,81;6483537,37;770896,12;4194094,05
2018-03;Algarve;4037643,80;2364246,22;6401890,02;770156,75;3977551,31
2018-04;Lisboa;36038603,63;21428881,89;57467485,52;8039803,02;44506765,52
2018-05;Alentejo;4895079,39;2692970,52;7588049,91;1172879,36;3164437,20
2018-06;Centro;27103616,15;14314349,08;41417965,23;5742790,40;18153526,54
2018-06;Lisboa;35820142,13;21128090,88;56948233,01;8093649,51;44575977,50
2018-07;Lisboa;37725445,15;22281582,10;60007027,25;8529316,71;47305740,89
2018-07;Alentejo;4950901,58;2699626,43;7650528,01;1199921,12;3288480,71
2018-07;Algarve;4275045,18;2573066,12;6848111,30;815237,98;3996554,12
2018-08;Centro;26503882,75;13995459,98;40499342,73;5616305,98;18263527,17
2018-08;Alentejo;4616989,13;2503994,55;7120983,68;1113511,30;3281918,52
2018-09;Norte;31493224,95;17299799,76;48793024,71;7266084,41;35222421,78
2018-09;Alentejo;4521522,25;2451157,94;6972680,19;1115031,83;2962592,88
2018-09;Algarve;3913393,45;2316824,30;6230217,75;739213,74;3648676,44
2018-10;Lisboa;39053849,68;23459055,52;62512905,20;8783164,53;46598783,56
2018-10;Algarve;4218723,78;2513263,23;6731987,01;806530,16;3355352,88
2018-12;Centro;20922732,99;11005056,11;31927789,10;4327848,35;15135702,96
2018-12;Algarve;3996938,62;2323420,96;6320359,58;759638,95;2721986,01
2019-01;Norte;40261155,17;22533381,51;62794536,68;9064161,05;39258801,04
2019-01;Alentejo;5986156,22;3263624,77;9249780,99;1431579,71;3283139,22
2019-01;Algarve;4233967,17;2517974,30;6751941,47;805339,42;4422843,30
2019-03;Centro;27752692,28;14615702,69;42368394,97;5793503,53;17916087,65
2019-03;Algarve;4208198,70;2447621,09;6655819,79;803660,20;4278737,37
2019-04;Lisboa;36602112,58;21442633,04;58044745,62;8153837,83;0,00
2019-04;Algarve;4140524,60;2411632,37;6552156,97;784560,63;4213484,81
2019-05;Norte;40844896,74;22130362,90;62975259,64;9153756,48;42680352,42
2019-05;Alentejo;6120440,56;3233593,84;9354034,40;1452290,48;3229629,22
2019-07;Lisboa;41225996,60;23617722,50;64843719,10;9077624,05;0,00
2019-07;Alentejo;5372728,75;2821602,25;8194331,00;1263476,47;3345167,88
2019-09;Lisboa;35206446,44;20319125,54;55525571,98;7725495,53;0,00
2019-10;Centro;30750115,93;16001915,05;46752030,98;6303007,58;0,00
2019-10;Alentejo;5339962,77;2825293,19;8165255,96;1254531,62;3859915,77
2019-10;Algarve;4582275,14;2634097,78;7216372,92;849359,43;2037158,70
2019-12;Alentejo;5120868,52;2664662,35;7785530,87;1199977,50;3170997,97
2020-01;Norte;38241368,88;20701524,50;58942893,38;8383558,84;41790562,00
2020-02;Norte;35310279,15;19039742,66;54350021,81;7718443,68;35283995,50
2020-02;Alentejo;4959931,14;2597331,34;7557262,48;1162642,49;3049174,29
2020-04;Centro;26846462,01;13079461,33;39925923,34;5479897,21;16679703,45
2020-04;Lisboa;34632333,65;18353888,94;52986222,59;7509008,05;0,00
2020-04;Algarve;4032107,69;2143528,78;6175636,47;747671,95;3728111,03
2020-05;Norte;31972998,69;16435266,23;48408264,92;7038432,51;34746638,49
2020-05;Centro;26216410,25;13049957,98;39266368,23;5375611,46;17063448,41
2020-06;Lisboa;35503958,47;19788602,23;55292560,70;7752032,91;0,00
2020-07;Lisboa;39684820,67;22021658,37;61706479,04;9318248,80;0,00
2020-08;Norte;32497257,53;17163288,99;49660546,52;7122303,41;39555758,93
2020-08;Algarve;4300414,10;2488906,85;6789320,95;814103,47;2651616,90
2020-10;Algarve;4545849,28;2668188,82;7214038,10;851825,90;2392467,22
2020-12;Norte;36492139,81;19318703,76;55810843,57;7983797,69;13492407,63
2020-12;Centro;29769146,88;15278171,83;45047318,71;6153731,66;17343496,10
2020-12;Algarve;4452950,46;2517466,00;6970416,46;847512,43;2264286,63
2021-01;Alentejo;5076812,27;2623579,44;7700391,71;1177801,62;3649562,08
2021-03;Norte;38566462,73;20326023,55;58892486,28;8451282,54;48377874,08
2021-06;Centro;29759524,74;14971295,32;44730820,06;6155166,20;20172889,02
2021-06;Algarve;4712360,42;2628995,50;7341355,92;898169,65;3071802,01
2021-06;Alentejo;5115488,25;2625244,94;7740733,19;1190457,09;3633031,88
2021-07;Norte;40028932,39;20653627,54;60682559,93;8740870,92;47169934,68
2021-07;Lisboa;42532411,85;23440854,16;65973266,01;9152913,47;0,00
2021-08;Norte;37355592,00;19100248,83;56455840,83;8071848,61;49331531,54
2021-09;Centro;31047483,26;15513037,61;46560520,87;6324235,77;22871838,32
2021-09;Algarve;4865939,48;2688451,61;7554391,09;914966,83;2603675,35
2021-10;Lisboa;42093056,92;23918716,85;66011773,77;8889558,98;0,00
2021-10;Alentejo;5416356,58;2768904,35;8185260,93;1230534,93;3796665,29
2022-01;Alentejo;5413391,56;2734709,15;8148100,71;1230542,38;3858671,25
2022-02;Norte;38134169,91;19517463,76;57651633,67;8153080,46;49160010,65
2022-02;Alentejo;5147684,02;2582644,05;7730328,07;1160848,60;3514627,68
2022-03;Norte;43796420,89;22646314,46;66442735,35;9357542,65;56580381,48
2022-03;Lisboa;46517333,33;25761809,59;72279142,92;9799738,36;0,00