Período,Região,Encargos SNS (Ambulatório),Encargos Utentes (Ambulatório),Valor PVP (Ambulatório),Encargos SNS (Genéricos) 
2011-02,Alentejo,5331347.879999999,2945829.7300000014,8277177.61,1336286.3
2011-02,Lisboa,36115541.96,21764862.109999985,57880404.069999985,7928466.289999998
2011-04,Lisboa,36171734.88,22178340.730000004,58350075.61000001,7550812.57
2011-05,Centro,30370569.959999993,17840459.490000002,48211029.449999996,6497343.209999999
2011-06,Alentejo,5945367.26,3354674.1399999987,9300041.399999999,1448161.8800000001
2011-06,Algarve,4320830.94,2756443.29,7077274.23,867793.25
2011-06,Norte,34650220.690000005,19368988.89999999,54019209.589999996,7915057.43
2011-10,Centro,28819816.059999995,17870137.080000013,46689953.14000001,5457863.140000001
2011-12,Centro,30540869.019999996,17488822.950000003,48029691.97,5990866.499999999
2012-01,Lisboa,36533541.03,24051737.060000002,60585278.09,6946226.850000001
2012-02,Alentejo,4915828.25,2997070.4300000006,7912898.680000001,1047905.83
2012-04,Lisboa,32970557.230000004,21024301.199999988,53994858.42999999,6080793.430000001
2012-05,Norte,31778875.24,18065140.81,49844016.05,6336848.26
2012-06,Algarve,3463120.35,2275655.6599999988,5738776.009999999,593185.6200000001
2012-07,Algarve,3680074.6799999997,2345848.95,6025923.63,578492.15
2012-07,Norte,28715135.41,16317512.669999998,45032648.08,5563196.41
2012-08,Alentejo,4630875.419999999,2483966.3000000007,7114841.72,929709.8500000002
2012-08,Algarve,3817314.5200000005,2283983.079999999,6101297.6,626833.6
2012-09,Centro,23649329.55000001,12520316.789999995,36169646.34,4413948.01
2013-01,Lisboa,32256734.59,20472094.24999998,52728828.83999998,6711139.77
2013-03,Algarve,3448372.5500000007,2122552.3999999985,5570924.949999999,644058.4299999999
2013-03,Lisboa,31357457.780000005,19271456.44,50628914.220000006,6718404.649999999
2013-06,Norte,28054718.89,15857707.810000002,43912426.7,6127647.820000001
2013-07,Centro,26380156.779999997,14833573.030000005,41213729.81,5363733.92
2013-08,Algarve,3967534.58,2440050.5699999994,6407585.149999999,733222.4699999999
2013-09,Centro,24378140.750000004,13920802.949999992,38298943.699999996,4940545.87
2013-11,Alentejo,4711649.89,2764070.530000001,7475720.420000001,1063656.48
2014-01,Alentejo,4960001.460000001,2864186.169999999,7824187.63,1155367.12
2014-01,Algarve,3874253.03,2374780.270000001,6249033.300000001,724497.35
2014-02,Alentejo,4477260.289999999,2573049.250000002,7050309.540000001,1029257.2000000001
2014-03,Alentejo,4732992.8100000005,2672743.2699999996,7405736.08,1100286.6199999999
2014-04,Norte,28760553.729999997,17080390.24000001,45840943.970000006,6458980.629999999
2014-07,Lisboa,35800918.64,22729668.650000006,58530587.29000001,7851176.8999999985
2014-08,Alentejo,4314169.399999999,2504898.6099999994,6819068.009999999,1009955.7
2014-09,Algarve,3793211.5199999996,2364420.2200000007,6157631.74,706857.1200000001
2014-09,Norte,29859460.02,17353944.639999997,47213404.66,6870375.169999999
2014-12,Alentejo,4712879.03,2702128.679999998,7415007.709999998,1096997.8800000001
2014-12,Algarve,3781047.439999999,2299284.2899999996,6080331.729999999,698240.0499999999
2014-12,Centro,25815612.479999997,14830672.120000005,40646284.6,5341717.869999999
2015-01,Alentejo,4745849.87,2828717.4400000004,7574567.3100000005,1093475.85
2015-02,Centro,23813875.54,13869292.589999996,37683168.129999995,4841392.74
2015-04,Centro,25024864.62,14531733.319999997,39556597.94,5017200.18
2015-10,Lisboa,36095330.18,23163257.54,59258587.72,7913197.99
2015-11,Lisboa,34429050.49,21747200.79,56176251.28,7553445.04
2016-02,Centro,24524703.0,14067851.0,38592554.0,5100738.49
2016-04,Centro,25150512.24,14174316.710000005,39324828.95,5233069.43
2016-07,Algarve,3965005.1500000004,2375095.539999999,6340100.6899999995,716809.72
2016-08,Norte,29433181.47,16357611.270000003,45790792.74,6599161.61
2016-10,Centro,25901680.770000003,14767333.469999999,40669014.24,5264229.74
2016-10,Algarve,3807787.6100000003,2315604.1100000003,6123391.720000001,676967.49
2016-11,Norte,31876177.32,18430000.18,50306177.5,7031226.39
2016-11,Centro,26151113.479999997,14788067.220000006,40939180.7,5295328.58
2017-01,Lisboa,35853339.89,22170791.75,58024131.64,7677118.54
2017-04,Centro,23942097.75,13195634.93,37137732.68,4977323.1
2017-04,Alentejo,4382296.58,2461334.92,6843631.5,1016929.63
2017-04,Algarve,3659101.2199999997,2194828.9400000004,5853930.16,680279.84
2017-05,Centro,27008591.020000003,14735923.729999997,41744514.75,5679595.74
2017-05,Lisboa,36560192.94,22063959.980000004,58624152.92,8125714.19
2017-06,Alentejo,4702784.090000008,2561642.3199999994,7264426.410000008,1104596.1900000009
2017-07,Norte,32037456.50999996,17955013.729999892,49992470.23999985,7324865.739999973
2017-07,Algarve,4038299.470000004,2442193.6799999825,6480493.149999986,754023.8700000013
2017-08,Alentejo,4605517.269999982,2506643.9800000275,7112161.250000009,1083770.9000000006
2017-08,Algarve,4108232.6700000013,2465333.8199999775,6573566.489999979,767302.7400000001
2018-01,Alentejo,4934236.5700000115,2751751.279999988,7685987.85,1188602.0900000087
2018-02,Norte,34039507.62,19209038.0,53248545.62,7850948.66
2018-02,Algarve,3664678.11,2177428.3700000006,5842106.48,704350.97
2018-03,Norte,33443775.210000128,18608580.82,52052356.03000013,7706979.210000013
2018-05,Lisboa,36700841.05000002,21937666.21999999,58638507.27000001,8217655.649999971
2018-07,Centro,27873353.22999969,14864107.550000802,42737460.78000049,5902661.840000013
2018-10,Centro,22124568.750000015,11820831.089999959,33945399.839999974,4607595.509999996
2019-02,Alentejo,5461891.540000019,2950364.7999999924,8412256.340000011,1300239.8899999994
2019-04,Norte,33676730.23999994,18347069.14000015,52023799.38000009,7561882.879999995
2019-04,Centro,27471486.740000118,14379295.109999951,41850781.85000007,5757842.050000015
2019-05,Centro,22610541.45000001,11665209.859999977,34275751.30999999,4668000.220000002
2019-05,Algarve,4365069.909999991,2519657.78000003,6884727.690000021,827694.7300000008
2019-06,Centro,26603101.68999979,13811041.080000386,40414142.770000175,5549702.649999958
2019-06,Lisboa,35313877.38999998,20285196.70000019,55599074.09000017,7828898.680000014
2019-06,Alentejo,4704815.10000001,2498574.3799999747,7203389.479999985,1120024.0799999933
2019-07,Norte,37478629.01000018,20012363.149999917,57490992.16000009,8396197.310000017
2019-08,Lisboa,34724137.85000013,19484959.130000018,54209096.980000146,7678489.689999983
2019-08,Alentejo,4834858.879999992,2536725.669999971,7371584.5499999635,1141751.21
2019-08,Algarve,4514534.030000002,2615751.369999989,7130285.399999991,843884.750000001
2019-09,Norte,33682518.62000007,18115096.93000035,51797615.55000042,7483066.830000092
2019-10,Lisboa,40832009.41999992,23775034.43000018,64607043.8500001,8855347.419999959
2019-11,Norte,36216511.19000022,19822570.009999648,56039081.19999987,7954264.859999981
2019-11,Centro,29191950.46000001,15193404.65000002,44385355.11000003,5970301.030000009
2019-11,Alentejo,5107001.069999996,2682942.0699999873,7789943.139999983,1196389.7499999998
2019-11,Algarve,4334136.260000006,2499505.3799999803,6833641.639999987,809934.5500000012
2019-12,Norte,36289783.62000001,19697933.469999768,55987717.08999978,7948505.19999995
2020-03,Centro,36654376.14999991,18175559.770000547,54829935.920000456,7320248.2999999905
2020-04,Alentejo,4886747.099999965,2437090.3200000394,7323837.420000005,1139437.2700000007
2020-08,Centro,26800459.680000156,13741383.139999576,40541842.81999973,5535855.089999987
2020-10,Norte,37482395.20999993,20801804.480000444,58284199.69000037,8095377.249999988
2020-10,Lisboa,39894867.579999804,23649619.28000038,63544486.860000186,8534726.979999963
2020-11,Norte,36462176.99000034,20013192.720000803,56475369.71000114,7915269.66999999
2020-11,Lisboa,39145732.47999997,22901900.370000035,62047632.85,8424608.52000001
2020-11,Alentejo,5124897.940000029,2727218.4699999774,7852116.410000007,1197717.690000006
2020-12,Alentejo,5147427.28,2670814.13,7818241.41,1207973.8
2021-01,Centro,29624573.37,15092109.36,44716682.73,6114345.92
2021-02,Norte,34150280.0,17959841.0,52110122.0,7517384.0
2021-02,Centro,27490467.0,13957724.0,41448191.0,5705130.0
2021-02,Alentejo,4768079.0,2458387.0,7226466.0,1109885.0
2021-03,Centro,30935771.39,15760779.61,46696551.0,6443720.51
2021-06,Norte,36816334.6,19108287.18,55924621.78,8019472.41
2021-08,Alentejo,5180881.36,2599987.83,7780869.19,1188967.65
2021-09,Norte,38694367.98,20005177.55,58699545.53,8388848.83
2021-09,Lisboa,39852617.65,22048081.51,61900699.16,8518181.65
2021-10,Centro,31836634.88,16231348.3,48067983.18,6435297.51
2021-11,Lisboa,43475064.63,24952691.79,68427756.42,9106431.19
2021-11,Algarve,5001340.22,2803857.97,7805198.19,929262.07
2021-12,Norte,41318622.01,21399756.15,62718378.16,8822664.14
2021-12,Centro,32575486.41,16377604.54,48953090.95,6602092.11
2021-12,Alentejo,5526109.37,2791288.12,8317397.49,1249574.27
2022-02,Lisboa,40189524.29,22145877.87,62335402.16,8528965.47
2022-02,Centro,30052084.16,14944964.98,44997049.14,6113925.54
2022-02,Algarve,4629999.39,2546150.71,7176150.1,867543.77
2022-03,Centro,34416439.22,17264223.44,51680662.66,6997272.74
2011-01,Centro,27262189.4,15749556.939999998,43011746.339999996,5971915.710000001
2011-01,Lisboa,36412281.04000001,22433829.04,58846110.080000006,7971742.53
2011-02,Algarve,3891064.6199999996,2417165.3600000017,6308229.980000001,819396.97
2011-06,Lisboa,39788821.06999999,24492962.73000001,64281783.800000004,8565500.62
2011-07,Lisboa,40515569.7,26816619.14999999,67332188.85,7850086.310000001
2011-07,Norte,34970949.3,21144340.850000016,56115290.15000001,7200163.0
2011-11,Alentejo,5549627.27,3381996.24,8931623.51,1178619.7100000002
2011-11,Centro,28896751.390000004,16922519.52999999,45819270.919999994,5633131.699999999
2011-11,Norte,33452800.089999996,19910349.480000004,53363149.57,6953414.01
2011-12,Lisboa,41153115.63000001,25772683.939999998,66925799.57000001,8103309.16
2011-12,Norte,36260946.099999994,20813641.40000002,57074587.500000015,7601384.649999999
2012-01,Algarve,3845727.300000001,2615773.7999999984,6461501.1,664339.68
2012-03,Lisboa,38078257.89,23593767.359999992,61672025.24999999,7549360.7299999995
2012-03,Norte,33492456.569999997,19177915.51000001,52670372.080000006,7080198.749999999
2012-04,Algarve,3572505.5400000005,2386447.06,5958952.600000001,584260.77
2012-04,Centro,24913379.970000003,14615390.56999999,39528770.53999999,4526643.65
2012-05,Centro,27107286.580000006,14994735.86999999,42102022.449999996,5072232.830000001
2012-07,Lisboa,32609403.069999997,19835488.529999997,52444891.599999994,5933875.640000001
2012-10,Centro,26130579.550000004,14652841.11999999,40783420.669999994,4777849.6
2012-11,Alentejo,4470169.39,2479349.840000001,6949519.23,938283.1399999999
2012-11,Norte,29210719.46,15895423.870000005,45106143.330000006,5964620.5200000005
2012-12,Norte,28917931.300000004,15495266.409999996,44413197.71,5950852.100000001
2013-01,Alentejo,4575169.65,2736728.12,7311897.7700000005,1003118.5699999998
2013-01,Norte,29223919.44,17000389.820000004,46224309.260000005,6257859.55
2013-02,Lisboa,29637942.65,18501365.609999985,48139308.25999998,6320403.220000001
2013-03,Centro,23169353.000000004,13108371.59,36277724.59,4771098.4399999995
2013-06,Centro,23598356.639999997,13233150.500000004,36831507.14,4806519.699999999
2013-09,Lisboa,32468511.970000003,20007238.59,52475750.56,6829210.18
2013-10,Algarve,3909029.1699999995,2489458.0000000005,6398487.17,705439.62
2013-10,Norte,32252597.020000003,19427040.04,51679637.06,6933519.319999999
2013-11,Algarve,3799972.53,2376924.32,6176896.85,687204.42
2013-12,Lisboa,35280489.31,21974032.86,57254522.17,7652549.920000001
2014-01,Centro,26642385.88,15397204.959999997,42039590.839999996,5519870.050000001
2014-01,Lisboa,36570062.739999995,23030978.0,59601040.739999995,7885169.669999999
2014-01,Norte,32132224.900000002,18787095.91,50919320.81,7223026.350000001
2014-02,Centro,23806968.440000005,13694756.740000002,37501725.18000001,4949580.159999999
2014-02,Lisboa,33233834.169999998,20822903.340000007,54056737.510000005,7195543.089999999
2014-02,Norte,28893857.010000005,16768931.260000005,45662788.27000001,6506689.03
2014-03,Algarve,3767689.53,2278610.600000001,6046300.130000001,705971.53
2014-04,Algarve,3560690.4299999997,2260182.04,5820872.47,658880.1599999999
2014-06,Centro,23758312.439999994,13673945.910000008,37432258.35,4949844.63
2014-08,Norte,27414273.56,15869373.860000003,43283647.42,6283197.639999999
2014-09,Centro,25125195.0,14645896.92000001,39771091.92000001,5294898.46
2014-09,Lisboa,33055360.830000002,20718410.129999984,53773770.959999986,7287873.32
2014-10,Algarve,3861674.7099999995,2421072.310000001,6282747.0200000005,708953.13
2014-11,Algarve,3627857.310000001,2216295.989999999,5844153.3,668808.2600000002
2015-01,Norte,31559895.490000002,18867549.6,50427445.09,7101744.05
2015-01,Algarve,3827483.15,2373110.5300000007,6200593.680000001,708589.79
2015-02,Algarve,3537715.56,2180077.94,5717793.5,651062.33
2015-04,Lisboa,34229852.22,21521967.790000007,55751820.010000005,7216435.53
2015-04,Alentejo,4627415.45,2709472.12,7336887.57,1042486.22
2015-05,Norte,29665573.0,17402217.060000002,47067790.06,6729306.3
2015-06,Norte,29396265.51,17017887.02,46414152.53,6667827.16
2015-06,Lisboa,33762198.46,21197955.120000005,54960153.580000006,7500953.8
2015-06,Algarve,3750938.72,2308741.1700000004,6059679.890000001,693380.41
2015-08,Norte,28215557.68,16186343.270000003,44401900.95,6392244.28
2015-08,Centro,23724230.3,13558427.040000003,37282657.34,4914300.75
2015-10,Centro,26481388.16,15598376.55,42079764.71,5442064.06
2015-11,Alentejo,4540414.7,2615918.7700000005,7156333.470000001,1055412.8
2015-12,Lisboa,36009240.43,22426119.509999998,58435359.94,7919041.57
2016-01,Alentejo,4423479.43,2584276.200000001,7007755.630000001,1020181.15
2016-02,Norte,29816361.64,17389933.559999995,47206295.199999996,6738856.76
2016-04,Norte,31019740.3,17757306.830000002,48777047.13,7047600.27
2016-06,Algarve,3820170.88,2285965.16,6106136.04,693605.92
2016-07,Centro,24971155.11,13944645.510000005,38915800.620000005,5137099.72
2016-07,Alentejo,4530679.06,2518497.4400000004,7049176.5,1039664.2
2016-10,Lisboa,35086832.76,21909961.299999997,56996794.059999995,7501910.94
2016-10,Alentejo,4646467.54,2632058.83,7278526.37,1057505.21
2016-11,Lisboa,35355592.79,21910588.1,57266180.89,7550306.34
2016-11,Algarve,3847514.29,2329834.8899999997,6177349.18,683593.24
2016-12,Centro,25911138.4,14625210.509999998,40536348.91,5254732.68
2016-12,Alentejo,4671101.7,2619748.88,7290850.58,1052048.99
2017-01,Norte,32556713.900000002,18818934.179999996,51375648.08,7229627.62
2017-02,Norte,29024312.669999998,16475678.09,45499990.76,6436632.2
2017-03,Centro,28112403.28,15257538.54,43369941.82,5693092.98
2017-03,Lisboa,38166587.76,22886603.35,61053191.11,8188969.2
2017-04,Lisboa,32735534.75,19890138.949999996,52625673.699999996,7266259.7
2017-05,Norte,32504097.11,18278040.330000006,50782137.440000005,7504047.3
2017-06,Centro,25880733.92000003,13996982.420000024,39877716.340000056,5442815.749999994
2017-07,Alentejo,4698493.779999984,2606149.550000013,7304643.329999997,1094514.5300000007
2017-11,Centro,27001713.429999992,15045350.910000198,42047064.34000019,5589886.199999973
2018-01,Lisboa,37254033.460000105,22790144.409999892,60044177.87,8312846.399999948
2018-05,Algarve,4073553.630000001,2406076.7099999953,6479630.339999996,775424.070000002
2018-06,Norte,32474935.260000058,17921306.17000024,50396241.4300003,7439036.2599999895
2018-08,Lisboa,32652260.76999983,18882510.47000036,51534771.24000019,7371800.620000015
2018-08,Algarve,4211667.240000001,2531129.7400000086,6742796.98000001,801962.8199999996
2018-09,Centro,25823247.059999887,13741046.030000549,39564293.090000436,5517034.429999966
2018-10,Alentejo,5806909.849999985,3209792.38999998,9016702.239999965,1408998.8700000022
2018-11,Norte,38537225.35999984,21618559.660000302,60155785.020000145,8819186.820000019
2018-12,Norte,37654142.09999999,20802363.430000074,58456505.53000006,8557387.299999993
2018-12,Alentejo,5538906.819999989,2998669.1500000264,8537575.970000016,1338238.0200000068
2019-03,Alentejo,4920256.990000007,2659311.8100000042,7579568.800000011,1180943.839999999
2019-04,Alentejo,4826315.759999982,2589435.2000000244,7415750.9600000065,1148845.7000000004
2019-10,Norte,37852862.51000019,20610465.940000184,58463328.450000376,8333368.619999991
2019-11,Lisboa,38707217.42,22623504.960000083,61330722.380000085,8404091.690000016
2019-12,Centro,29391674.18999985,15243159.690000199,44634833.88000005,6020206.339999967
2019-12,Lisboa,39468324.02999998,22865853.67000003,62334177.70000001,8594602.819999946
2020-01,Alentejo,5409851.069999994,2824577.739999977,8234428.809999971,1264001.300000005
2020-01,Algarve,4590919.74,2634579.6199999843,7225499.3599999845,851216.6099999995
2020-03,Algarve,5757936.689999972,3115591.530000031,8873528.220000003,1035940.1499999994
2020-05,Alentejo,4608600.000000008,2357759.5299999556,6966359.529999964,1086870.720000003
2020-05,Algarve,3935706.149999996,2176107.4799999907,6111813.629999987,736944.3599999988
2020-06,Norte,33202403.350000095,17282785.270000193,50485188.62000029,7289935.7
2020-07,Norte,37149380.20000016,19338281.04000029,56487661.24000045,8779389.410000024
2020-07,Algarve,4688209.369999999,2658753.3500000127,7346962.720000012,995997.1500000032
2020-09,Lisboa,36663037.51000001,20944578.990000285,57607616.5000003,7875662.149999983
2020-10,Centro,30266046.47999986,16137957.650000121,46404004.12999998,6163502.899999982
2020-11,Algarve,4481512.900000003,2610252.9500000123,7091765.850000015,848226.4100000003
2020-12,Lisboa,39023293.89,22028096.15,61051390.04,8496337.46
2021-01,Norte,37074370.38,19556571.28,56630941.66,8116451.61
2021-01,Lisboa,39821715.25,22492950.64,62314665.89,8610521.51
2021-02,Algarve,4192414.0,2352969.0,6545383.0,803540.0
2021-03,Lisboa,41040376.74,23086418.75,64126795.49,8940576.77
2021-05,Lisboa,39619316.51,22316354.58,61935671.09,8605065.9
2021-07,Algarve,5040566.43,2842898.61,7883465.04,956486.41
2021-08,Algarve,4954357.64,2790064.93,7744422.57,934671.86
2021-10,Algarve,4874149.88,2725077.0,7599226.88,902716.44
2021-12,Algarve,4953008.33,2709329.7,7662338.03,925446.67
2022-01,Norte,40314142.6,20768991.02,61083133.62,8609053.63
2022-01,Centro,31651366.73,15848931.17,47500297.9,6409957.45
2011-03,Norte,35500011.35,19483608.83999999,54983620.18999999,8392089.8
2011-04,Algarve,3882386.56,2486730.9899999998,6369117.55,759556.5399999999
2011-04,Norte,31589015.009999994,18185177.310000014,49774192.32000001,6942394.649999999
2011-05,Lisboa,40573006.129999995,25851533.580000006,66424539.71,8604876.76
2011-07,Algarve,4669835.130000001,3203847.749999997,7873682.879999998,830359.1400000001
2011-07,Centro,29863093.58,18117322.919999994,47980416.49999999,5756534.8100000005
2011-09,Lisboa,36859931.13,23718024.89,60577956.02,7573919.460000001
2011-10,Alentejo,5455740.119999999,3497792.17,8953532.29,1141781.97
2011-11,Algarve,4049337.79,2717837.7299999995,6767175.52,716813.57
2012-01,Norte,32622841.569999997,20088744.360000003,52711585.93,6645796.750000002
2012-03,Algarve,4129204.25,2679532.2600000007,6808736.510000001,738698.05
2012-05,Lisboa,35994558.85,21938992.300000012,57933551.15000001,6777467.5600000005
2012-06,Alentejo,4474907.5600000005,2612221.62,7087129.180000001,938173.1600000001
2012-06,Lisboa,31850208.810000002,19391107.239999995,51241316.05,6121991.330000001
2012-06,Norte,28457016.5,16283820.82,44740837.32,5815081.750000002
2012-07,Alentejo,4518257.999999999,2656027.500000002,7174285.500000001,893366.53
2012-08,Centro,25447081.180000003,12942668.91999999,38389750.099999994,4621799.210000001
2012-09,Alentejo,4370046.74,2357647.92,6727694.66,896738.0000000001
2012-09,Algarve,3529590.230000001,2033982.8499999992,5563573.08,591638.0399999998
2012-10,Alentejo,4820760.55,2707415.9799999995,7528176.529999999,962959.94
2012-11,Centro,24328218.899999995,13232575.640000004,37560794.54,4631452.08
2012-12,Algarve,3538783.1999999997,2061417.2800000007,5600200.48,617688.1900000002
2013-01,Centro,24362338.8,14324525.709999997,38686864.51,4845037.87
2013-02,Algarve,3225271.5100000002,2007909.3599999999,5233180.87,605799.63
2013-03,Norte,27815018.23,15676593.819999997,43491612.05,6124786.76
2013-04,Alentejo,4751549.3500000015,2843959.499999998,7595508.85,1053228.5299999998
2013-05,Norte,31767023.310000002,18327473.53,50094496.84,6928861.149999999
2013-06,Alentejo,4421614.600000001,2491653.2199999997,6913267.82,1000897.0700000001
2013-07,Lisboa,36508151.89999999,22318893.240000017,58827045.14000001,7693157.76
2013-08,Alentejo,4495450.01,2526870.7,7022320.71,1033707.8199999998
2013-10,Centro,26786577.930000003,15898087.250000004,42684665.18000001,5348242.63
2013-11,Centro,25405888.81,14817114.779999997,40223003.589999996,5163046.68
2014-03,Centro,25171544.700000003,14267632.770000003,39439177.470000006,5288564.069999998
2014-06,Norte,28168686.34,16255771.039999995,44424457.379999995,6376301.25
2014-07,Norte,31126489.67000001,18320362.259999983,49446851.92999999,7099210.039999999
2014-08,Algarve,3736060.7899999996,2385355.3700000015,6121416.160000001,700993.9400000002
2014-08,Lisboa,29433649.77,18219586.589999992,47653236.35999999,6509235.3
2014-11,Lisboa,33411583.089999996,21137651.760000013,54549234.85000001,7220773.1899999995
2014-11,Norte,29745262.07,17416496.620000012,47161758.69000001,6733223.459999999
2015-01,Centro,26096856.52,15462647.430000003,41559503.95,5359674.8
2015-02,Norte,28922107.51,16993041.01,45915148.52,6445442.25
2015-03,Norte,30997066.970000003,17955628.929999996,48952695.9,6905108.28
2015-04,Norte,30345047.49,17671428.06,48016475.55,6695502.91
2015-05,Lisboa,33928919.120000005,21529023.589999996,55457942.71,7440007.09
2015-07,Algarve,4049590.84,2531863.0200000005,6581453.86,754253.79
2015-09,Centro,25072971.189999998,14518655.14,39591626.33,5247768.86
2015-09,Algarve,3822008.25,2349267.2699999996,6171275.52,713068.58
2015-10,Norte,32378288.61,19366577.9,51744866.51,7250365.61
2015-10,Algarve,3827939.14,2383286.3400000003,6211225.48,709375.85
2015-12,Centro,26137091.59,14919200.059999999,41056291.65,5412035.55
2016-01,Norte,30450538.33,17976892.810000002,48427431.14,6821913.72
2016-02,Lisboa,33847730.65,21080457.500000007,54928188.150000006,7449694.35
2016-02,Alentejo,4495418.67,2604887.67,7100306.34,1045871.26
2016-02,Algarve,3650010.36,2239605.2499999995,5889615.609999999,674355.36
2016-03,Centro,26077995.5,14749086.509999998,40827082.01,5447117.16
2016-03,Algarve,3962385.43,2394721.18,6357106.61,740964.1
2016-04,Lisboa,34586152.629999995,21179113.320000008,55765265.95,7583088.77
2016-04,Alentejo,4639849.29,2613519.62,7253368.91,1081249.77
2016-04,Algarve,3773611.77,2270097.2899999996,6043709.06,696990.77
2016-06,Norte,29874437.8,16847090.3,46721528.1,6731695.87
2016-06,Alentejo,4578941.13,2558359.55,7137300.68,1059396.94
2016-08,Alentejo,4561008.0,2502023.2299999995,7063031.2299999995,1044987.06
2016-09,Norte,30416864.89,17256093.79,47672958.68,6853128.93
2016-12,Norte,31499692.15,18162887.96,49662580.11,6945859.92
2017-01,Centro,26642990.380000003,14963469.86,41606460.24,5442337.21
2017-01,Alentejo,4841617.55,2707942.12,7549559.67,1093201.24
2017-02,Centro,23840429.3,13072973.809999999,36913403.11,4830678.62
2017-02,Alentejo,4341459.45,2409751.5199999996,6751210.97,973493.51
2017-07,Lisboa,36158632.00999997,21621048.240000136,57779680.250000104,8035709.5900000045
2017-08,Norte,30461545.32000009,16747063.609999903,47208608.92999999,6959675.980000001
2017-09,Centro,25840542.45000004,13975153.309999973,39815695.76000001,5433996.260000013
2017-09,Lisboa,34002364.71999994,20229788.38999998,54232153.10999992,7609938.930000007
2017-09,Alentejo,4631695.029999991,2534618.9200000428,7166313.950000034,1096619.6399999994
2017-10,Alentejo,4784080.100000012,2730139.0299999835,7514219.129999995,1117638.3799999997
2017-10,Algarve,3886309.5500000045,2399771.8499999773,6286081.399999982,716598.48
2017-11,Lisboa,35830621.19000011,22199290.80000016,58029911.99000027,7867446.329999999
2017-12,Norte,31342692.7399999,18071598.150001,49414290.8900009,7082768.069999912
2017-12,Lisboa,34711671.74999994,21302991.330000058,56014663.08,7651396.3799999785
2017-12,Alentejo,4515817.479999982,2528072.750000015,7043890.229999997,1063679.8300000066
2018-02,Lisboa,34314647.76,20642143.25,54956791.01,7728771.65
2018-03,Centro,27278279.249999918,14632491.879999906,41910771.129999824,5774591.679999959
2018-03,Lisboa,36902130.669999816,21940500.26000016,58842630.92999998,8288550.030000001
2018-03,Alentejo,4888973.519999987,2665596.100000009,7554569.619999996,1179438.86
2018-04,Norte,35909478.16,20002548.96,55912027.12,8217186.21
2018-04,Centro,20048754.27,10723109.61,30771863.88,4145259.54
2018-05,Norte,32998869.059999723,18357634.460000526,51356503.52000025,7554216.169999983
2018-05,Centro,27036052.66999997,14542919.080000121,41578971.75000009,5722327.930000014
2018-07,Norte,33808831.67999976,18728280.02000113,52537111.70000089,7726029.479999977
2018-08,Norte,31453889.669999823,17142403.110000223,48596292.780000046,7201782.670000007
2018-10,Norte,39820278.18999984,22357081.65000035,62177359.84000019,9088483.090000022
2018-12,Lisboa,37972081.769999936,22516705.889999926,60488787.65999986,8562896.339999989
2019-02,Centro,20337488.040000055,10707923.130000092,31045411.170000147,4169665.500000003
2019-02,Lisboa,36824123.33000005,21741278.039999984,58565401.370000035,8145986.979999985
2019-03,Norte,34321524.75999995,18830622.970000207,53152147.73000016,7727026.150000007
2019-05,Lisboa,40387212.07999987,23457872.74000018,63845084.82000005,8965070.950000012
2019-06,Algarve,4033021.4400000167,2328257.119999984,6361278.5600000005,764455.2400000019
2019-07,Centro,30590997.68999962,15807138.50000089,46398136.19000051,6375529.33999999
2019-07,Algarve,4695281.889999996,2742113.1400000136,7437395.03000001,883092.6500000003
2019-09,Centro,27509597.76999992,14239269.350000165,41748867.12000009,5697141.589999954
2019-09,Alentejo,4850259.519999994,2543292.9399999874,7393552.459999981,1144015.3299999991
2019-09,Algarve,4195329.410000016,2420010.1799999923,6615339.590000008,790778.5699999994
2019-12,Algarve,4360699.179999991,2490447.7599999895,6851146.939999981,805257.4199999983
2020-01,Centro,30818488.67999981,15946384.210000556,46764872.890000366,6319849.510000022
2020-01,Lisboa,40924197.87999983,23684235.78000067,64608433.6600005,8844000.569999985
2020-02,Centro,28269879.510000035,14610737.160000615,42880616.67000065,5762685.330000054
2020-02,Lisboa,38444536.42999978,22152753.37000048,60597289.800000265,8254485.459999967
2020-03,Norte,45127120.66000039,22950500.580000006,68077621.2400004,9600194.869999968
2020-03,Lisboa,50346723.66999992,27523384.559999652,77870108.22999957,10581823.989999998
2020-06,Alentejo,4853826.520000025,2509147.4599999376,7362973.979999962,1141606.9600000025
2020-07,Centro,30297701.199999824,15333871.2700006,45631572.47000042,6808744.230000026
2020-07,Alentejo,5306305.15999998,2723324.799999971,8029629.959999951,1307271.230000003
2020-09,Norte,34944215.98999978,18740789.26000063,53685005.25000041,7632430.340000001
2020-09,Alentejo,4999279.789999998,2604320.849999983,7603600.639999981,1160126.5400000033
2020-11,Centro,29795886.319999844,15713208.09000054,45509094.410000384,6082246.240000002
2021-03,Algarve,4766049.35,2699269.24,7465318.59,918463.52
2021-03,Alentejo,5372641.09,2791318.96,8163960.05,1259476.21
2021-04,Norte,36630781.0,19223349.0,55854130.0,8083555.0
2021-04,Lisboa,38452282.0,21584601.0,60036883.0,8365283.0
2021-04,Algarve,4522863.0,2538758.0,7061621.0,867567.0
2021-06,Lisboa,39090437.06,21749957.96,60840395.02,8454322.6
2021-07,Centro,31930273.73,16066077.62,47996351.35,6559241.46
2021-07,Alentejo,5524176.54,2790685.33,8314861.87,1271838.02
2021-08,Lisboa,37200654.62,20169572.55,57370227.17,8036309.9
2021-08,Centro,30253153.04,15035998.86,45289151.9,6225003.64
2021-11,Norte,41448555.05,22130064.86,63578619.91,8791860.81
2021-11,Centro,32725197.4,16825810.93,49551008.33,6609901.84
2021-11,Alentejo,5583495.36,2872390.71,8455886.07,1249481.37
2021-12,Lisboa,43402808.92,24108828.14,67511637.06,9173399.0
2022-03,Algarve,5347734.1,2957829.96,8305564.06,1019086.17
2022-03,Alentejo,5914148.07,3001064.65,8915212.72,1338955.07
2011-01,Alentejo,5377795.949999999,3029425.960000001,8407221.91,1357521.66
2011-01,Norte,32193671.029999997,18474824.529999997,50668495.559999995,7441560.63
2011-02,Centro,26820693.66,15201533.440000001,42022227.1,5931993.65
2011-03,Alentejo,6013595.579999998,3241438.950000001,9255034.53,1524954.3900000001
2011-03,Centro,30273143.849999998,16694856.390000012,46968000.24000001,6776217.96
2011-03,Lisboa,40336813.410000004,23848540.04999999,64185353.45999999,8971660.68
2011-04,Alentejo,5266820.029999999,3025345.3899999997,8292165.419999999,1245771.92
2011-04,Centro,26818443.119999997,15582873.009999998,42401316.129999995,5570449.84
2011-05,Alentejo,6068224.959999999,3561672.25,9629897.209999999,1454943.44
2011-05,Algarve,4391555.179999999,2895330.9400000004,7286886.119999999,876145.83
2011-07,Alentejo,5834352.150000001,3672445.7799999984,9506797.93,1251945.9300000002
2011-08,Alentejo,5397497.299999999,3291820.1500000004,8689317.45,1206860.38
2011-08,Algarve,4432532.280000001,2988992.1599999983,7421524.4399999995,803752.2600000001
2011-08,Centro,27828512.849999998,16388027.639999997,44216540.489999995,5593946.609999999
2011-09,Alentejo,5499604.83,3396375.2300000023,8895980.060000002,1244373.92
2011-09,Algarve,4196945.67,2837344.6000000006,7034290.2700000005,779013.11
2011-10,Algarve,4037142.28,2850827.850000002,6887970.130000002,689136.54
2011-10,Lisboa,37429523.10999999,25292107.150000006,62721630.26,7144738.790000001
2011-10,Norte,33666527.879999995,21289184.390000015,54955712.27000001,6831774.0200000005
2012-01,Centro,28014748.2,16770118.719999995,44784866.919999994,5296210.3
2012-02,Algarve,3732606.9799999995,2528123.3900000015,6260730.370000001,659504.9099999998
2012-02,Centro,26484172.669999994,15437129.430000007,41921302.1,5210201.31
2012-02,Lisboa,34789175.44,22542649.06000001,57331824.50000001,6869650.680000001
2012-02,Norte,31189491.270000003,18723022.029999994,49912513.3,6531181.190000001
2012-04,Alentejo,4671031.760000001,2804022.589999997,7475054.349999998,927657.26
2012-04,Norte,29139727.009999998,17458568.839999996,46598295.849999994,5694773.519999999
2012-07,Centro,24542290.049999997,13743194.120000005,38285484.17,4372785.640000001
2012-08,Lisboa,30130357.169999998,17094515.660000008,47224872.830000006,5673308.85
2012-09,Lisboa,30624463.969999995,17453273.660000015,48077737.63000001,5836555.9399999995
2012-10,Algarve,3745606.0300000007,2242552.939999999,5988158.97,611882.66
2012-10,Norte,31129729.140000004,17494619.899999987,48624349.03999999,6094935.660000002
2012-11,Algarve,3572176.889999999,2099213.550000001,5671390.44,606325.22
2012-12,Alentejo,4366425.260000001,2384065.629999999,6750490.89,932378.4700000001
2012-12,Centro,23880805.240000002,12815871.50999999,36696676.74999999,4574765.71
2013-03,Alentejo,4355806.63,2521310.5599999996,6877117.1899999995,979071.5299999998
2013-05,Alentejo,5034064.850000001,2918321.759999999,7952386.609999999,1120815.89
2013-05,Centro,26521400.89,15273723.21,41795124.1,5386596.93
2013-06,Algarve,3607149.87,2186894.92,5794044.79,666960.6699999999
2013-07,Norte,31573894.649999995,17842582.22000001,49416476.870000005,6925963.57
2013-09,Norte,29197527.189999994,16734145.110000003,45931672.3,6374453.58
2013-10,Alentejo,4860002.69,2905017.2700000005,7765019.960000001,1094521.8299999998
2014-03,Norte,30491812.009999994,17398448.18000001,47890260.190000005,6931080.52
2014-04,Alentejo,4439760.039999999,2649254.5199999996,7089014.559999999,1023192.82
2014-04,Lisboa,33053670.82999999,21144919.439999998,54198590.26999999,7198350.68
2014-05,Alentejo,4849471.9,2857296.5300000003,7706768.430000001,1114843.88
2014-05,Algarve,3761397.380000001,2378527.7800000003,6139925.160000001,701244.1699999999
2014-06,Alentejo,4483991.4399999995,2580062.9700000016,7064054.410000001,1037133.8
2014-06,Lisboa,32597755.650000006,20365722.889999986,52963478.53999999,7132689.540000001
2014-07,Centro,25879868.76,15273355.52999999,41153224.28999999,5407408.770000001
2014-09,Alentejo,4585835.08,2655485.7699999996,7241320.85,1068650.7999999998
2014-10,Alentejo,4912589.22,2894102.620000002,7806691.840000002,1131778.12
2014-10,Lisboa,36119389.7,23255193.200000003,59374582.900000006,7758839.069999998
2014-10,Norte,32096027.880000003,19151424.490000002,51247452.370000005,7181660.89
2014-11,Alentejo,4495049.7299999995,2615839.2699999996,7110888.999999999,1041776.49
2014-11,Centro,24636897.58,14318200.42000001,38955098.00000001,5083112.079999999
2014-12,Lisboa,35554781.21999999,22147170.59000001,57701951.81,7705004.76
2014-12,Norte,31258963.109999992,17986446.450000003,49245409.559999995,7054292.609999999
2015-02,Alentejo,4427901.94,2594922.01,7022823.95,1016304.49
2015-03,Lisboa,35592060.75,22262467.630000003,57854528.38,7617452.85
2015-03,Algarve,3829398.52,2357305.97,6186704.49,697405.13
2015-04,Algarve,3758566.9499999997,2318550.4600000004,6077117.41,676404.67
2015-05,Centro,24536846.4,14288349.610000007,38825196.010000005,5072611.36
2015-05,Alentejo,4537732.72,2678901.4300000006,7216634.15,1037574.69
2015-07,Alentejo,4840803.1899999995,2808482.5999999996,7649285.789999999,1123325.63
2015-08,Lisboa,30169709.450000003,18447682.589999996,48617392.04,6751852.58
2015-09,Norte,30002821.590000004,17490665.28999999,47493486.879999995,6849538.24
2015-09,Lisboa,33317295.98,20819135.149999995,54136431.129999995,7448124.27
2015-11,Centro,25328475.59,14697832.73,40026308.32,5242872.39
2015-11,Algarve,3755020.18,2308664.6200000006,6063684.800000001,688583.5
2015-12,Norte,31690935.19,18322993.330000002,50013928.52,7130267.96
2016-01,Centro,25109300.8,14707863.859999996,39817164.66,5190213.0
2016-01,Algarve,3713960.89,2297103.72,6011064.61,685261.52
2016-03,Lisboa,35986586.099999994,22114904.940000013,58101491.04000001,7955444.52
2016-05,Norte,31410151.18,17862473.119999997,49272624.3,7085312.8
2016-05,Centro,25788014.35,14444954.18,40232968.53,5352235.03
2016-06,Lisboa,33964041.01,20571253.689999998,54535294.699999996,7413846.4
2016-07,Norte,30630963.8,17225187.12,47856150.92,6845888.45
2016-08,Lisboa,31405246.229999997,18554469.17000001,49959715.400000006,6848587.67
2016-09,Centro,25325490.56,14135571.629999999,39461062.19,5195731.32
2016-09,Lisboa,33262144.33,20220063.96,53482208.29,7206054.56
2016-09,Alentejo,4571504.470000001,2551592.7299999995,7123097.2,1051476.31
2016-09,Algarve,3797757.38,2290318.4000000004,6088075.78,681758.23
2016-10,Norte,31770780.58,18493210.71,50263991.29,7034091.65
2016-11,Alentejo,4735107.76,2660924.090000001,7396031.850000001,1071257.04
2016-12,Lisboa,35605378.47,21963624.340000004,57569002.81,7595643.96
2016-12,Algarve,3840196.74,2297782.24,6137978.98,681008.28
2017-01,Algarve,3881394.75,2335754.16,6217148.91,701392.73
2017-02,Lisboa,32794645.17,19928245.64,52722890.81,7023297.46
2017-02,Algarve,3534683.81,2110239.53,5644923.34,639631.39
2017-03,Norte,33933801.699999996,19060049.990000002,52993851.69,7513784.8
2017-03,Algarve,4146441.4299999997,2456724.99,6603166.42,750600.99
2017-04,Norte,29124114.61,16520144.240000002,45644258.85,6622059.05
2017-05,Alentejo,4935000.47,2732762.6100000003,7667763.08,1164995.67
2017-05,Algarve,4002517.79,2396487.1000000006,6399004.890000001,755841.81
2017-06,Lisboa,34717337.600000046,20634099.17000007,55351436.770000115,7760043.929999988
2017-06,Algarve,3898027.089999993,2314934.710000023,6212961.800000016,737750.4899999986
2017-08,Centro,25747210.349999905,13845150.769999899,39592361.1199998,5380755.46
2017-08,Lisboa,32007036.030000024,18694516.009999715,50701552.03999974,7163133.039999994
2017-10,Centro,26716474.669999942,15011030.860000148,41727505.53000009,5510785.670000004
2017-11,Alentejo,4801559.450000003,2700763.2599999756,7502322.709999979,1126339.4100000008
2017-11,Algarve,3954617.199999998,2382112.4400000176,6336729.6400000155,738003.7500000013
2018-01,Centro,27831381.319999896,15356885.230000101,43188266.55,5879477.289999973
2018-02,Centro,19086332.09,10302652.219999999,29388984.31,3992238.02
2018-02,Alentejo,5177662.8,2856722.92,8034385.72,1253500.01
2018-04,Alentejo,5404703.08,2967241.37,8371944.45,1295863.32
2018-04,Algarve,3874547.98,2278334.32,6152882.3,732170.36
2018-06,Alentejo,4747878.8300000075,2585172.8999999566,7333051.729999964,1149025.6900000006
2018-06,Algarve,4055316.7499999823,2380037.2800000096,6435354.029999992,771040.3200000012
2018-09,Lisboa,33590432.50999993,19817471.669999972,53407904.1799999,7655865.790000006
2018-11,Centro,21476513.100000046,11422011.64999992,32898524.749999966,4478941.6700000055
2018-11,Lisboa,38369553.77999991,22994244.19000011,61363797.97000002,8682572.210000016
2018-11,Alentejo,5727077.139999977,3138800.1500000386,8865877.290000016,1396642.410000001
2018-11,Algarve,4127205.690000005,2438955.8100000247,6566161.50000003,784870.4500000019
2019-01,Centro,40131384.750000134,24066424.709999673,64197809.45999981,8961370.22000001
2019-01,Lisboa,22239568.44999996,11867520.610000126,34107089.060000084,4602461.130000002
2019-02,Norte,37107334.13000009,20614444.76999999,57721778.90000008,8324354.499999985
2019-02,Algarve,3914925.0999999973,2312802.499999995,6227727.599999992,740516.1300000013
2019-03,Lisboa,37327810.36999987,21992190.01000052,59320000.38000039,8299282.570000004
2019-06,Norte,32326477.959999952,17331548.199999917,49658026.15999987,7220990.149999975
2019-08,Norte,33761747.389999986,17840215.82000085,51601963.210000835,7532631.959999965
2019-08,Centro,27960253.019999836,14347982.140000414,42308235.16000025,5805929.5799999945
2020-02,Algarve,4318388.209999997,2479885.119999999,6798273.329999996,802567.2999999984
2020-03,Alentejo,6584267.809999981,3300163.409999923,9884431.219999904,1483492.210000006
2020-04,Norte,32336676.500000056,16060884.719999943,48397561.22,7016878.770000027
2020-05,Lisboa,33717595.34000012,18450932.809999846,52168528.14999997,7355315.710000018
2020-06,Centro,27661557.19999995,13982277.930000193,41643835.130000144,5737633.439999995
2020-06,Algarve,4186446.4999999963,2356101.8199999845,6542548.319999981,796273.1699999988
2020-08,Lisboa,32856158.520000122,18284518.559999697,51140677.07999982,7163402.579999982
2020-08,Alentejo,4708279.940000035,2443544.769999978,7151824.710000013,1101860.2700000103
2020-09,Centro,28466516.289999984,14705536.520000562,43172052.81000055,5859364.36999998
2020-09,Algarve,4421212.009999997,2530917.9800000126,6952129.99000001,826566.4800000009
2020-10,Alentejo,5153787.380000002,2763704.3899999764,7917491.769999978,1197288.9200000078
2021-01,Algarve,4583152.52,2577011.81,7160164.33,867659.61
2021-02,Lisboa,36222848.0,20299219.0,56522067.0,7916485.0
2021-04,Centro,29355189.0,14922794.0,44277983.0,6102288.0
2021-04,Alentejo,5102194.0,2628423.0,7730617.0,1183477.0
2021-05,Norte,37484063.49,19678598.11,57162661.6,8222710.3
2021-05,Centro,29873543.42,15144907.81,45018451.23,6189488.47
2021-05,Algarve,4605104.33,2601280.89,7206385.22,878163.57
2021-05,Alentejo,5143078.05,2675485.31,7818563.36,1196096.97
2021-09,Alentejo,5276149.61,2653675.87,7929825.48,1204419.15
2021-10,Norte,40319509.1,21405616.48,61725125.58,8586196.86
2022-01,Lisboa,42328759.88,23365503.34,65694263.22,8931878.78
2022-01,Algarve,4858062.36,2667623.4,7525685.76,916130.99
2011-01,Algarve,3883052.8200000003,2438349.33,6321402.15,821313.0199999999
2011-02,Norte,31277271.409999993,17642792.26000001,48920063.67,7314057.500000001
2011-03,Algarve,4344470.27,2634773.8100000015,6979244.080000001,918212.8999999999
2011-05,Norte,35457873.83,20617992.590000004,56075866.42,8006913.029999999
2011-06,Centro,29712256.08,16591577.170000002,46303833.25,6387877.319999999
2011-08,Lisboa,34402351.98,21923287.840000004,56325639.82,6979954.289999999
2011-08,Norte,31784560.56,18853869.63,50638430.19,6807184.489999999
2011-09,Centro,29223825.209999997,17163890.980000008,46387716.190000005,5973198.96
2011-09,Norte,33500620.83,19754160.900000006,53254781.730000004,7304760.3999999985
2011-11,Lisboa,37444895.230000004,24400880.36,61845775.59,7303446.31
2011-12,Alentejo,5836202.599999999,3456141.1800000025,9292343.780000001,1261751.5299999998
2011-12,Algarve,4385954.4,2845678.9300000016,7231633.330000002,775026.52
2012-01,Alentejo,5319246.47,3321267.780000002,8640514.250000002,1099774.25
2012-03,Alentejo,5500928.54,3178414.1500000013,8679342.690000001,1202573.3900000001
2012-03,Centro,28442629.119999994,15941037.050000016,44383666.17000001,5643510.56
2012-05,Alentejo,5124095.34,2932449.8500000015,8056545.190000001,1053693.7299999997
2012-05,Algarve,3915595.4199999995,2448410.270000002,6364005.690000001,654601.6599999999
2012-06,Centro,24376538.919999998,13576576.889999997,37953115.809999995,4636516.409999999
2012-08,Norte,28219764.860000003,15042851.460000005,43262616.32000001,5592163.990000001
2012-09,Norte,27949061.339999996,14694163.780000009,42643225.120000005,5610413.81
2012-10,Lisboa,34596479.480000004,20830567.32999999,55427046.809999995,6535170.320000001
2012-11,Lisboa,32171299.09,18886146.639999997,51057445.73,6359047.819999999
2012-12,Lisboa,32862471.399999995,19030385.57000002,51892856.97000001,6582741.2
2013-01,Algarve,3516113.5899999994,2219876.940000002,5735990.530000001,643973.0100000001
2013-02,Alentejo,4069340.9000000004,2395728.91,6465069.8100000005,916429.9400000001
2013-02,Centro,22165959.490000002,12812393.740000002,34978353.230000004,4512058.74
2013-02,Norte,26501051.790000007,15169328.529999994,41670380.32,5815147.859999999
2013-04,Algarve,3790849.19,2390766.109999999,6181615.299999999,694311.68
2013-04,Centro,25576194.490000002,14963398.209999993,40539592.699999996,5150617.6899999995
2013-04,Lisboa,35597080.23,22625342.619999997,58222422.849999994,7412361.830000002
2013-04,Norte,30776125.89,17910317.85,48686443.74,6632063.280000001
2013-05,Algarve,3948402.6599999997,2447675.800000001,6396078.460000001,724734.69
2013-05,Lisboa,36884127.19,23215666.290000007,60099793.480000004,7751295.190000001
2013-06,Lisboa,32666947.320000004,20050479.180000003,52717426.50000001,6832582.749999999
2013-07,Alentejo,4934885.26,2785591.87,7720477.13,1113856.6500000001
2013-07,Algarve,4059411.5399999996,2506674.470000001,6566086.010000001,752998.9299999999
2013-08,Centro,24086164.069999997,13450880.02,37537044.089999996,4925550.720000001
2013-08,Lisboa,30926454.150000002,18547626.970000003,49474081.120000005,6576619.770000001
2013-08,Norte,28332355.03,15788453.140000008,44120808.17000001,6254066.2700000005
2013-09,Alentejo,4520460.819999999,2588911.5199999996,7109372.339999999,1028394.8799999999
2013-09,Algarve,3733692.2700000005,2300275.7699999996,6033968.04,684658.25
2013-10,Lisboa,36565829.42,23563355.590000004,60129185.010000005,7573334.07
2013-11,Lisboa,35256459.39999999,22325893.74000001,57582353.14,7404333.930000002
2013-11,Norte,30704874.780000005,18203242.259999994,48908117.04,6745483.69
2013-12,Alentejo,4663740.99,2666660.879999999,7330401.869999999,1077939.72
2013-12,Algarve,3752950.4800000004,2284556.9699999997,6037507.45,702113.45
2013-12,Centro,25283348.870000005,14415035.21,39698384.080000006,5281796.75
2013-12,Norte,30747716.29,17703920.199999996,48451636.489999995,6946169.579999999
2014-02,Algarve,3539906.65,2166607.1699999985,5706513.819999998,662505.8799999998
2014-03,Lisboa,34899070.70999999,21539388.88000001,56438459.59,7660990.239999999
2014-04,Centro,23930632.07,14176283.100000001,38106915.17,4951131.47
2014-05,Centro,25565881.700000003,14972415.130000003,40538296.830000006,5318957.0
2014-05,Lisboa,35201287.41,22377390.319999993,57578677.72999999,7692597.510000001
2014-05,Norte,30693464.119999997,18005798.200000003,48699262.32,6970169.329999999
2014-06,Algarve,3577644.8000000003,2216720.2500000014,5794365.050000002,665631.2199999999
2014-07,Alentejo,4826446.64,2838477.2200000007,7664923.86,1122100.4599999997
2014-07,Algarve,3993134.4799999995,2540127.070000001,6533261.550000001,745356.2000000002
2014-08,Centro,23133551.689999998,13446372.410000004,36579924.1,4834868.34
2014-10,Centro,26648324.66,15801507.569999997,42449832.23,5459157.249999999
2015-01,Lisboa,35564268.980000004,22916423.389999993,58480692.37,7671848.09
2015-02,Lisboa,32824468.53,20751209.85,53575678.38,7023582.84
2015-03,Centro,25646922.06,14710541.52,40357463.58,5208544.57
2015-03,Alentejo,4767050.65,2766179.01,7533229.66,1095897.67
2015-05,Algarve,3732688.94,2300592.860000001,6033281.800000001,689355.11
2015-06,Centro,24798402.36,14262040.18,39060442.54,5176469.37
2015-06,Alentejo,4535270.17,2621485.63,7156755.8,1050259.9
2015-07,Norte,31946121.259999998,18579201.130000003,50525322.39,7237690.47
2015-07,Centro,26300913.15,15320410.810000002,41621323.96,5472083.57
2015-07,Lisboa,36328044.48,22866040.900000006,59194085.38,8052369.55
2015-08,Alentejo,4278681.04,2466034.749999999,6744715.789999999,991208.84
2015-08,Algarve,3880313.45,2406938.7800000003,6287252.23,711963.24
2015-09,Alentejo,4579566.62,2666063.58,7245630.2,1071917.86
2015-10,Alentejo,4778016.54,2795584.3500000006,7573600.890000001,1114734.63
2015-11,Norte,30831178.849999998,18127242.200000007,48958421.050000004,6942077.38
2015-12,Alentejo,4698257.77,2678105.12,7376362.89,1089689.71
2015-12,Algarve,3887424.84,2361641.3,6249066.14,724577.94
2016-01,Lisboa,34513765.8,21884685.410000004,56398451.21,7545000.78
2016-03,Norte,31644161.61,18276167.58,49920329.19,7184070.52
2016-03,Alentejo,4759816.37,2694320.6399999997,7454137.01,1111431.6
2016-05,Lisboa,35507332.01,21744734.130000003,57252066.14,7787605.74
2016-05,Alentejo,4746316.6899999995,2664756.1000000006,7411072.79,1097096.38
2016-05,Algarve,3859183.61,2315845.1300000004,6175028.74,710652.88
2016-06,Centro,24975115.549999997,13900122.61,38875238.16,5168316.81
2016-07,Lisboa,34756419.2,21058877.700000003,55815296.900000006,7591575.57
2016-08,Centro,24789395.150000002,13699039.189999994,38488434.339999996,5094985.46
2016-08,Algarve,4027028.85,2438848.9600000004,6465877.8100000005,729140.46
2017-03,Alentejo,5141118.47,2815342.96,7956461.43,1151052.2
2017-06,Norte,30882413.619999982,17200899.329999946,48083312.94999993,7114931.190000009
2017-07,Centro,26359913.539999854,14327728.810000014,40687642.34999987,5487584.87
2017-09,Norte,31222594.9599999,17435786.120000247,48658381.08000015,7153086.4899999965
2017-09,Algarve,3870236.109999995,2300423.5800000173,6170659.6900000125,729833.71
2017-10,Norte,32675385.40999996,19155653.980000027,51831039.389999986,7346979.030000002
2017-10,Lisboa,35563167.98000001,22258857.659999996,57822025.64000001,7755008.070000004
2017-11,Norte,32807138.80999966,19060954.050001033,51868092.86000069,7391412.489999957
2017-12,Centro,25674789.70999977,14175913.330000438,39850703.04000021,5299794.099999961
2017-12,Algarve,3710285.9499999895,2233727.9600000246,5944013.910000014,696435.2900000009
2018-01,Norte,34073174.900000215,19532294.779999785,53605469.68,7791830.5299999835
2018-01,Algarve,4043873.559999985,2439663.810000015,6483537.37,770896.1199999998
2018-03,Algarve,4037643.800000006,2364246.220000005,6401890.020000011,770156.7500000023
2018-04,Lisboa,36038603.63,21428881.89,57467485.52,8039803.02
2018-05,Alentejo,4895079.390000004,2692970.519999977,7588049.9099999815,1172879.3600000022
2018-06,Centro,27103616.150000066,14314349.080000438,41417965.2300005,5742790.399999929
2018-06,Lisboa,35820142.129999995,21128090.87999995,56948233.009999946,8093649.509999992
2018-07,Lisboa,37725445.14999972,22281582.10000042,60007027.25000014,8529316.710000014
2018-07,Alentejo,4950901.580000027,2699626.42999997,7650528.009999997,1199921.1200000038
2018-07,Algarve,4275045.179999995,2573066.1199999824,6848111.299999977,815237.9800000048
2018-08,Centro,26503882.750000097,13995459.979999766,40499342.72999986,5616305.979999947
2018-08,Alentejo,4616989.1299999785,2503994.5500000063,7120983.679999985,1113511.3000000012
2018-09,Norte,31493224.94999956,17299799.7600005,48793024.71000006,7266084.409999985
2018-09,Alentejo,4521522.250000022,2451157.939999949,6972680.189999972,1115031.8300000026
2018-09,Algarve,3913393.4500000044,2316824.300000001,6230217.750000006,739213.7400000029
2018-10,Lisboa,39053849.68000006,23459055.51999989,62512905.19999995,8783164.530000012
2018-10,Algarve,4218723.779999982,2513263.230000035,6731987.010000017,806530.1600000001
2018-12,Centro,20922732.990000002,11005056.110000085,31927789.100000087,4327848.350000007
2018-12,Algarve,3996938.6199999913,2323420.9600000004,6320359.579999992,759638.9500000008
2019-01,Norte,40261155.16999985,22533381.51000008,62794536.67999993,9064161.04999999
2019-01,Alentejo,5986156.2200000025,3263624.7700000145,9249780.990000017,1431579.7099999988
2019-01,Algarve,4233967.169999987,2517974.300000013,6751941.47,805339.4199999982
2019-03,Centro,27752692.280000083,14615702.69000008,42368394.97000016,5793503.5300000105
2019-03,Algarve,4208198.699999994,2447621.090000012,6655819.790000006,803660.199999998
2019-04,Lisboa,36602112.57999995,21442633.040000066,58044745.62000002,8153837.830000014
2019-04,Algarve,4140524.600000008,2411632.3700000057,6552156.970000014,784560.6299999997
2019-05,Norte,40844896.74000004,22130362.900000095,62975259.640000135,9153756.479999995
2019-05,Alentejo,6120440.560000004,3233593.8400000017,9354034.400000006,1452290.4799999986
2019-07,Lisboa,41225996.60000009,23617722.500000045,64843719.100000136,9077624.049999962
2019-07,Alentejo,5372728.749999975,2821602.2500000205,8194330.999999995,1263476.4700000044
2019-09,Lisboa,35206446.439999714,20319125.540000528,55525571.98000024,7725495.530000022
2019-10,Centro,30750115.929999724,16001915.050000362,46752030.980000086,6303007.579999986
2019-10,Alentejo,5339962.770000031,2825293.1899999836,8165255.960000015,1254531.6199999999
2019-10,Algarve,4582275.140000004,2634097.779999992,7216372.919999996,849359.4299999978
2019-12,Alentejo,5120868.519999985,2664662.3499999642,7785530.869999949,1199977.5000000002
2020-01,Norte,38241368.88000005,20701524.500000402,58942893.38000045,8383558.839999962
2020-02,Norte,35310279.149999894,19039742.66000086,54350021.810000755,7718443.680000021
2020-02,Alentejo,4959931.139999976,2597331.3400000157,7557262.479999992,1162642.4900000049
2020-04,Centro,26846462.0099998,13079461.330000576,39925923.340000376,5479897.210000013
2020-04,Lisboa,34632333.65000013,18353888.940000065,52986222.5900002,7509008.049999976
2020-04,Algarve,4032107.689999993,2143528.780000006,6175636.469999999,747671.950000001
2020-05,Norte,31972998.689999983,16435266.23000054,48408264.92000052,7038432.5099999765
2020-05,Centro,26216410.25000013,13049957.9800005,39266368.23000063,5375611.459999955
2020-06,Lisboa,35503958.46999993,19788602.230000257,55292560.70000019,7752032.9099999685
2020-07,Lisboa,39684820.67000007,22021658.37000005,61706479.04000012,9318248.799999978
2020-08,Norte,32497257.530000046,17163288.990000248,49660546.520000294,7122303.409999995
2020-08,Algarve,4300414.099999987,2488906.8500000313,6789320.950000018,814103.4699999997
2020-10,Algarve,4545849.28,2668188.8200000105,7214038.100000011,851825.8999999966
2020-12,Norte,36492139.81,19318703.76,55810843.57,7983797.69
2020-12,Centro,29769146.88,15278171.83,45047318.71,6153731.66
2020-12,Algarve,4452950.46,2517466.0,6970416.46,847512.43
2021-01,Alentejo,5076812.27,2623579.44,7700391.71,1177801.62
2021-03,Norte,38566462.73,20326023.55,58892486.28,8451282.54
2021-06,Centro,29759524.74,14971295.32,44730820.06,6155166.2
2021-06,Algarve,4712360.42,2628995.5,7341355.92,898169.65
2021-06,Alentejo,5115488.25,2625244.94,7740733.19,1190457.09
2021-07,Norte,40028932.39,20653627.54,60682559.93,8740870.92
2021-07,Lisboa,42532411.85,23440854.16,65973266.01,9152913.47
2021-08,Norte,37355592.0,19100248.83,56455840.83,8071848.61
2021-09,Centro,31047483.26,15513037.61,46560520.87,6324235.77
2021-09,Algarve,4865939.48,2688451.61,7554391.09,914966.83
2021-10,Lisboa,42093056.92,23918716.85,66011773.77,8889558.98
2021-10,Alentejo,5416356.58,2768904.35,8185260.93,1230534.93
2022-01,Alentejo,5413391.56,2734709.15,8148100.71,1230542.38
2022-02,Norte,38134169.91,19517463.76,57651633.67,8153080.46
2022-02,Alentejo,5147684.02,2582644.05,7730328.07,1160848.6
2022-03,Norte,43796420.89,22646314.46,66442735.35,9357542.65
2022-03,Lisboa,46517333.33,25761809.59,72279142.92,9799738.36
