Período;Região;Valor PVP (Ambulatório);Unidades Dispensadas (Ambulatório);Valor PVP (Genéricos);Unidades Dispensadas (Genéricos);Quota Mercado Genéricos - Valor PVP;Quota Mercado Genéricos - Unidades dispensadas
2011-01;Lisboa;58846110.080000006;139113489;13340524.259999998;47132301;22.67;33.88
2011-02;Lisboa;57880404.069999985;136436176;13217098.75;47057337;22.84;34.49
2011-04;Alentejo;8292165.419999999;20157031;2113412.21;7355780;25.49;36.49
2011-04;Algarve;6369117.55;13686687;1412775.1600000001;4369653;22.18;31.93
2011-05;Alentejo;9629897.209999999;23012061;2432631.51;8469744;25.26;36.81
2011-05;Lisboa;66424539.71;155525609;14917546.98;55113790;22.46;35.44
2011-06;Centro;46303833.25;112031179;10493254.09;38040067;22.66;33.95
2011-06;Norte;54019209.589999996;130782798;13066249.909999996;48331142;24.19;36.96
2011-07;Centro;47980416.49999999;118233473;10771751.420000002;40708405;22.45;34.43
2011-09;Alentejo;8895980.060000002;21780071;2201041.5500000003;8438087;24.74;38.74
2011-09;Algarve;7034290.2700000005;15027178;1521280.5300000003;5124435;21.63;34.1
2012-02;Alentejo;7912898.680000001;20331448;1876982.23;8292995;23.72;40.79
2012-03;Algarve;6808736.510000001;15322570;1385269.81;5552695;20.35;36.24
2012-05;Centro;42102022.449999996;118385992;8750057.29;45702208;20.78;38.6
2012-06;Algarve;5738776.009999999;13710003;1093447.46;5155971;19.05;37.61
2012-07;Algarve;6025923.63;15152444;1106111.67;5688321;18.36;37.54
2012-08;Centro;38389750.099999994;116323894;7383826.1;46380234;19.23;39.87
2012-10;Alentejo;7528176.529999999;23038424;1581620.7300000002;10092974;21.01;43.81
2012-10;Lisboa;55427046.809999995;161673047;10860768.860000001;69176784;19.59;42.79
2012-11;Centro;37560794.54;114458805;7443041.680000001;47377624;19.82;41.39
2013-02;Centro;34978353.230000004;107308194;7405090.840000001;45700200;21.17;42.59
2013-03;Algarve;5570924.949999999;14792591;1119306.57;6125713;20.09;41.41
2013-04;Alentejo;7595508.85;23085579;1770475.94;10515407;23.31;45.55
2013-04;Lisboa;58222422.849999994;170349069;12773317.239999998;75793702;21.94;44.49
2013-07;Alentejo;7720477.13;23909599;1895242.1099999999;11107398;24.55;46.46
2013-11;Alentejo;7475720.420000001;22916665;1862358.2200000002;10735161;24.91;46.84
2013-11;Centro;40223003.589999996;121717680;9051442.29;53064243;22.5;43.6
2014-02;Algarve;5706513.819999998;15328877;1203825.4999999998;6419666;21.1;41.88
2014-02;Centro;37501725.18000001;115440559;8605974.830000002;50614514;22.95;43.84
2014-02;Lisboa;54056737.510000005;161767477;12792609.73;73695043;23.67;45.56
2014-03;Centro;39439177.470000006;121487430;9133328.399999999;53966050;23.16;44.42
2014-05;Alentejo;7706768.430000001;24122541;1985593.71;11626908;25.76;48.2
2014-07;Algarve;6533261.550000001;17926474;1393134.71;7635336;21.32;42.59
2014-07;Centro;41153224.28999999;128595817;9592521.6;57598138;23.31;44.79
2014-08;Algarve;6121416.160000001;16692895;1302050.5000000002;7111182;21.27;42.6
2014-10;Algarve;6282747.0200000005;16911945;1315296.8000000003;7250688;20.94;42.87
2014-11;Centro;38955098.00000001;119954432;8990430.269999998;54369427;23.08;45.33
2014-12;Alentejo;7415007.709999998;23272747;1913514.1099999999;11378493;25.81;48.89
2014-12;Algarve;6080331.729999999;16346755;1281343.33;7039219;21.07;43.06
2015-01;Norte;50427075.980000004;157558636;12919592.730000004;76469370;25.62;48.53
2015-04;Alentejo;7336848.250000001;23213562;1894109.0199999998;11258380;25.82;48.5
2015-04;Centro;39555801.970000006;122416539;9179153.1;55306050;23.21;45.18
2015-05;Alentejo;7216634.149999999;22730964;1860989.74;11013818;25.79;48.45
2015-05;Norte;47067321.56;149717524;12025281.67;72803478;25.55;48.63
2015-06;Algarve;6059679.89;16473150;1278117.31;7039577;21.09;42.73
2015-06;Lisboa;54959991.580000006;166877861;13390879.059999997;78055245;24.36;46.77
2015-08;Norte;44401242.8;142507853;11393044.230000002;69469865;25.66;48.75
2015-09;Alentejo;7245514.750000001;23237587;1900982.5200000003;11289550;26.24;48.58
2015-09;Centro;39591442.49999999;123348016;9337501.379999997;56016350;23.58;45.41
2015-10;Algarve;6211225.4799999995;16751147;1309467.9000000001;7147698;21.08;42.67
2015-10;Lisboa;59256541.94;176803960;14240814.21;82741116;24.03;46.8
2015-11;Lisboa;56175572.330000006;167482599;13501100.520000001;78533356;24.03;46.89
2015-11;Norte;48958264.40999999;153864378;12308235.1;74799364;25.14;48.61
2015-12;Centro;41056198.169999994;125071157;9623833.659999998;57551988;23.44;46.02
2016-02;Norte;47206295.199999996;150295519;12152080.47;73352437;25.74;48.81
2016-02;Lisboa;54928188.150000006;165593687;13527725.98;78124858;24.63;47.18
2016-03;Centro;40827082.01;126977657;9783017.149999999;58195684;23.96;45.83
2016-06;Lisboa;54535294.699999996;166061253;13415863.47;78153331;24.6;47.06
2016-10;Lisboa;56996794.06000001;170598991;13685451.37;80041163;24.01;46.92
2016-11;Centro;40939180.699999996;126144433;9550943.239999996;57748089;23.33;45.78
2016-12;Algarve;6137978.98;16446514;1268092.95;6966948;20.66;42.36
2017-02;Alentejo;6751210.970000001;21156671;1739550.55;10253777;25.77;48.47
2017-04;Norte;45644258.85000001;144331506;11727116.24;71245040;25.69;49.36
2017-04;Alentejo;6843631.499999999;21247520;1792950.39;10427937;26.2;49.08
2017-05;Lisboa;58624152.92000001;176381082;14364718.18;83068968;24.5;47.1
2017-05;Algarve;6399004.889999999;17520852;1374585.02;7538752;21.48;43.03
2017-06;Norte;48083312.94999993;152758325;12404011.970000012;75360795;25.8;49.33
2017-06;Alentejo;7264426.410000008;22692544;1915477.7299999984;11229217;26.37;49.48
2017-07;Alentejo;7304643.329999997;22965157;1932712.9400000058;11378268;26.46;49.55
2017-08;Lisboa;50701552.04000001;154196282;12665154.15999999;73467294;24.98;47.65
2017-09;Alentejo;7166313.950000031;22595079;1921192.139999996;11229217;26.81;49.7
2017-09;Algarve;6170659.689999993;16864629;1336859.040000002;7270254;21.66;43.11
2017-10;Lisboa;57822025.64000001;172640949;14104365.579999954;81423839;24.39;47.16
2017-10;Alentejo;7514219.129999995;23524964;2000342.7899999928;11670933;26.62;49.61
2017-12;Lisboa;56014663.08;166784338;13840070.180000018;79337326;24.7;47.56
2018-01;Algarve;6483537.37;17465040;1435991.37;7638643;22.14827011940243;43.73676212593844
2018-02;Algarve;5842106.48;15727317;1305307.2;6896216;22.343091562411917;43.848648819121536
2018-07;Alentejo;7650528.009999997;24009392;2117229.3699999885;12132814;27.67429081015794;50.533616178202266
2018-11;Lisboa;61363797.97000002;182165358;15563344.740000036;87985609;25.3624209303485;48.29985786869532
2018-12;Norte;58456505.53000006;180146851;15282097.99;90187242;26.142681385833406;50.063179844314895
2019-01;Algarve;6751941.47;17958764;1502358.3099999984;7905176;22.250760269105214;44.01848590470925
2019-02;Lisboa;58565401.370000035;171865048;14622700.110000065;82122324;24.968154862660093;47.78302799531409
2019-03;Alentejo;7579568.800000011;23138473;2054418.58;11671178;27.104689385496407;50.44057142405205
2019-04;Lisboa;58044745.62000002;171863830;14723981.320000002;83177173;25.366604957480725;48.39713684956282
2019-05;Centro;34275751.30999999;102393540;8205243.310000022;48339762;23.938915986959366;47.2097771011726
2019-07;Lisboa;64843719.100000136;193598140;16348006.020000027;93191524;25.211394791820315;48.136580237806
2019-08;Algarve;7130285.399999991;18954786;1573112.1499999978;8357052;22.062400896323165;44.08940306685604
2019-09;Lisboa;55525571.98000024;163088159;13924213.189999973;79046263;25.077117971905516;48.46842559550875
2019-09;Algarve;6615339.590000008;17585592;1467412.8199999991;7808875;22.1819726717914;44.40495946909265
2019-10;Lisboa;64607043.8500001;185032885;15836021.839999985;89352748;24.511293036045576;48.290198793582015
2019-11;Centro;44385355.11000003;128641087;10498398.619999995;61269527;23.65284358766954;47.62827213983352
2019-11;Algarve;6833641.639999987;17882125;1492912.4700000007;7928045;21.84651388889634;44.33502729681176
2019-12;Norte;55987717.08999978;166270301;14212335.609999994;83461756;25.384738561770227;50.196430449716935
2019-12;Lisboa;62334177.70000001;178982651;15416100.830000024;86359817;24.731377550521568;48.250384334736445
2020-02;Lisboa;60597289.800000265;173199081;14835569.290000062;82965403;24.482232355546696;47.90175705378021
2020-03;Norte;68077621.2400004;203472228;17169108.410000145;103154702;25.21990060356587;50.6971899870286
2020-04;Norte;48397561.22;146225113;12449865.61999999;75200540;25.72415904059058;51.427924011930834
2020-04;Lisboa;52986222.5900002;154777266;13361407.46999994;76691791;25.216757898347648;49.549777549372145
2020-05;Algarve;6111813.629999987;16139015;1352467.349999999;7168749;22.12874004144007;44.418751702009075
2020-06;Norte;50485188.62000029;152976758;14544274.620000001;86526945;28.808993325694182;56.56215109487417
2020-06;Centro;41643835.130000144;123638072;11017554.020000035;64262817;26.456626738643024;51.976560262117324
2020-09;Alentejo;7603600.639999981;22741086;2012311.7599999988;11347119;26.46524791707109;49.896997003573176
2020-10;Norte;58284199.69000037;170660694;14567298.980000034;85485283;24.99356439220233;50.090785989655004
2020-10;Alentejo;7917491.769999978;23592158;2087351.5999999936;11798057;26.363798796850524;50.00838414188308
2020-11;Centro;45509094.410000384;130889051;10790831.890000012;62070413;23.71137468213119;47.422158328583194
2020-11;Lisboa;62047632.85;175753492;15213236.50000003;84754063;24.518641245795777;48.22325976885853
2020-12;Lisboa;61051390.04;175395775;15283457.0;85177755;25.033757609755504;48.5631737708619
2021-01;Norte;56630942.0;169133074;14599887.0;85233635;25.8;50.4
2021-02;Norte;52110122.0;156257425;13511692.0;78998993;25.900000000000002;50.6
2021-03;Algarve;7465318.59;19832748;1702260.09;8864330;22.8022430587252;44.6954199186114
2021-08;Norte;56455840.83;165922300;14487420.79;83848109;25.661509202607704;50.5345628646662
2021-08;Lisboa;57370227.17;163903334;14391609.72;79674250;25.085502411128104;48.6105120961115
2021-08;Alentejo;7780869.19;22907812;2065244.84;11512774;26.5425981284232;50.2569778379533
2021-09;Norte;58699545.53;171686062;15028480.98;86633107;25.602380468719797;50.46018645357479
2021-11;Centro;49551008.33;138789284;11677186.78;65838350;23.5659922442591;47.4376321445682
2021-11;Algarve;7805198.19;19795427;1714206.46;8885841;21.962369414222398;44.8883522441825
2021-11;Alentejo;8455886.07;24260273;2170412.91;12068206;25.6674805222394;49.744724636858
2021-12;Norte;62718378.16;179065708;15787853.85;90548433;25.1726117817075;50.567154376649306
2021-12;Algarve;7662338.03;19571098;1697189.44;8819866;22.1497594253226;45.0657699430047
2022-01;Norte;61083133.62;174802381;15389578.18;88420958;25.1944804857901;50.5833830718816
2022-03;Lisboa;72279142.92;200565349;17579296.58;96065443;24.3213960069465;47.8973279676541
2022-03;Alentejo;8915212.72;25738438;2312595.48;12741207;25.9398799852753;49.5026427011616
2011-01;Alentejo;8407221.91;20682037;2187532.16;7354439;26.02;35.56
2011-02;Alentejo;8277177.61;20065885;2149086.22;7220377;25.96;35.98
2011-06;Algarve;7077274.23;15000947;1559492.4299999995;4886291;22.04;32.57
2011-07;Alentejo;9506797.93;23164767;2366377.55;8627104;24.89;37.24
2011-08;Alentejo;8689317.45;21468950;2166426.4299999997;8216148;24.93;38.27
2011-08;Lisboa;56325639.82;136760491;12604677.87;51320983;22.38;37.53
2011-09;Norte;53254781.730000004;132629469;12790319.520000001;51840952;24.02;39.09
2011-10;Alentejo;8953532.29;21686796;2112920.7399999998;8467115;23.6;39.04
2011-10;Algarve;6887970.130000002;14425996;1452425.34;4934682;21.09;34.21
2011-10;Centro;46689953.14000001;113243408;10063638.790000001;40926770;21.55;36.14
2011-11;Alentejo;8931623.51;21919999;2134836.6800000006;8645019;23.9;39.44
2012-01;Centro;44784866.919999994;112859575;9833608.25;42218046;21.96;37.41
2012-01;Lisboa;60585278.09;147839114;13003280.740000006;58173639;21.46;39.35
2012-03;Centro;44383666.17000001;116174970;9554017.16;44279217;21.53;38.11
2012-04;Alentejo;7475054.349999998;20365681;1703345.1000000003;8402048;22.79;41.26
2012-04;Algarve;5958952.600000001;13998695;1191950.78;5082634;20.0;36.31
2012-07;Alentejo;7174285.500000001;21179217;1557245.15;9091474;21.71;42.93
2012-07;Lisboa;52444891.599999994;149667052;10418900.03;62419087;19.87;41.71
2012-07;Norte;45032648.08;134135188;9643106.26;57480600;21.41;42.85
2012-08;Algarve;6101297.6;16052968;1097693.36;6134662;17.99;38.22
2012-09;Algarve;5563573.08;14792866;1007334.9099999999;5730229;18.11;38.74
2012-09;Norte;42643225.120000005;131810881;8882307.19;57313140;20.83;43.48
2012-11;Alentejo;6949519.23;21579702;1508514.4200000002;9569965;21.71;44.35
2012-11;Algarve;5671390.44;14964089;1051822.66;5933990;18.55;39.65
2012-12;Lisboa;51892856.97000001;152619268;10726111.01;66821158;20.67;43.78
2013-01;Algarve;5735990.530000001;15299798;1135031.22;6239419;19.79;40.78
2013-05;Algarve;6396078.460000001;16839388;1300501.9500000002;6969131;20.33;41.39
2013-05;Lisboa;60099793.480000004;175942624;13518243.610000001;78684696;22.49;44.72
2013-05;Norte;50094496.84;152396847;11832615.5;70078551;23.62;45.98
2013-06;Centro;36831507.14;111405953;8164662.490000002;48293480;22.17;43.35
2013-06;Norte;43912426.7;134145891;10477689.01;61991876;23.86;46.21
2013-07;Centro;41213729.81;125934573;9195892.05;54447809;22.31;43.23
2013-08;Lisboa;49474081.120000005;146689580;11467710.13;66225294;23.18;45.15
2013-08;Norte;44120808.17000001;136404025;10717483.41;63198016;24.29;46.33
2013-09;Alentejo;7109372.339999999;21810109;1765343.9;10095670;24.83;46.29
2013-10;Algarve;6398487.17;16908929;1321512.73;6984951;20.65;41.31
2013-11;Lisboa;57582353.14;168638888;13279049.15;76253156;23.06;45.22
2013-12;Alentejo;7330401.869999999;22663854;1849912.4299999997;10726880;25.24;47.33
2013-12;Centro;39698384.080000006;120678639;9056335.89;53045222;22.81;43.96
2014-01;Centro;42039590.839999996;129412759;9668102.170000002;56885170;23.0;43.96
2014-03;Norte;47890260.190000005;150148608;12000363.339999998;71249475;25.06;47.45
2014-04;Algarve;5820872.47;15686117;1242994.6099999996;6689006;21.35;42.64
2014-04;Norte;45840943.970000006;144507151;11594025.370000001;69381854;25.29;48.01
2014-05;Lisboa;57578677.72999999;173581322;13941457.19;81104984;24.21;46.72
2014-05;Norte;48699262.32;154780301;12390933.899999997;74304433;25.44;48.01
2014-06;Lisboa;52963478.53999999;160708559;12827088.350000001;74915068;24.22;46.62
2014-07;Lisboa;58530587.29000001;178823290;14163282.709999999;83493604;24.2;46.69
2014-08;Alentejo;6819068.009999999;21682427;1766557.12;10500876;25.91;48.43
2014-08;Lisboa;47653236.35999999;145338916;11612179.059999999;68360133;24.37;47.03
2014-09;Centro;39771091.92000001;124203640;9272194.129999999;55856817;23.31;44.97
2014-09;Norte;47213404.66;151251053;12001167.999999996;72820700;25.42;48.15
2014-10;Alentejo;7806691.840000002;24567589;1995899.04;11920742;25.57;48.52
2015-01;Centro;41558907.80999999;126972095;9778671.16;57717102;23.53;45.46
2015-02;Norte;45914473.37;144832046;11641032.49;69651213;25.35;48.09
2015-04;Algarve;6077117.41;16473593;1282965.0700000003;7071311;21.11;42.93
2015-04;Lisboa;55750247.93999999;167867517;13311604.299999999;78251856;23.88;46.62
2015-05;Centro;38825002.87;120101674;9093343.75;54500828;23.42;45.38
2015-07;Algarve;6581453.860000002;17992473;1393345.9100000001;7672879;21.17;42.64
2015-07;Norte;50525023.89999999;162195443;12911200.859999998;78699281;25.55;48.52
2015-08;Algarve;6287252.2299999995;17043360;1324220.5599999998;7247998;21.06;42.53
2015-09;Lisboa;54136161.69000001;163982258;13294465.699999997;77108207;24.56;47.02
2015-12;Algarve;6249066.139999999;16663395;1327900.1800000002;7202896;21.25;43.23
2015-12;Norte;50013584.93000001;155916622;12663872.480000002;76411236;25.32;49.01
2016-01;Alentejo;7007755.630000001;21822432;1836777.9;10739204;26.21;49.21
2016-04;Alentejo;7253368.91;23046420;1939393.19;11359909;26.74;49.29
2016-05;Centro;40232968.53;125634113;9634978.67;57683629;23.95;45.91
2016-05;Lisboa;57252066.14000001;174166066;14141226.26;82077924;24.7;47.13
2016-06;Alentejo;7137300.680000001;22722009;1896532.63;11173882;26.57;49.18
2016-07;Lisboa;55815296.89999999;171469882;13821240.7;80868437;24.76;47.16
2016-08;Norte;45790792.74000001;148381643;11886611.81;73014961;25.96;49.21
2016-08;Centro;38488434.339999996;120568932;9199342.6;55445476;23.9;45.99
2016-09;Lisboa;53482208.289999984;162503164;13094209.37;76442757;24.48;47.04
2016-09;Algarve;6088075.780000001;16624679;1285383.55;7094033;21.11;42.67
2016-10;Centro;40669014.239999995;125512172;9530294.329999998;57566745;23.43;45.87
2016-11;Norte;50306177.5;158807652;12641844.06;77666634;25.13;48.91
2016-12;Centro;40536348.91;124179570;9479617.749999998;56755570;23.39;45.7
2016-12;Alentejo;7290850.579999998;22664311;1886510.56;11027178;25.88;48.65
2017-01;Centro;41606460.239999995;127450807;9776135.379999999;58242893;23.5;45.7
2017-01;Lisboa;58024131.64;173165357;13956041.45;80719424;24.05;46.61
2017-01;Algarve;6217148.91;16739496;1301440.44;7112121;20.93;42.49
2017-07;Centro;40687642.34999987;126224771;9705155.439999986;58569418;23.85;46.4
2017-10;Norte;51831039.389999986;162793364;13240774.010000043;80583054;25.55;49.5
2017-11;Norte;51868092.86000069;162494352;13284093.840000108;80302436;25.61;49.41
2017-12;Norte;49414290.8900009;153554183;12747449.639999988;76182122;25.79;49.61
2017-12;Alentejo;7043890.229999997;21957686;1895591.8000000047;10935867;26.91;49.8
2018-01;Lisboa;60044177.87;179004667;15071844.21000001;85262972;25.101258347864547;47.63170336782336
2018-02;Norte;53248545.62;166747395;14005956.62;82894388;26.3029843480634;49.712553530446456
2018-02;Lisboa;54956791.01;164746581;13884014.25;78601383;25.26350974072276;47.710479041747156
2018-03;Norte;52052356.03000013;163385867;13696528.520000076;81669652;26.312984780374105;49.98575060350844
2018-06;Norte;50396241.4300003;158485662;13306136.930000098;79278982;26.403034338348714;50.02281026532229
2018-06;Lisboa;56948233.009999946;171675164;14583131.700000018;82569417;25.607698306353534;48.09630879397325
2018-07;Lisboa;60007027.25000014;182158890;15410457.560000006;87735266;25.68108814288908;48.164141755584915
2018-09;Lisboa;53407904.1799999;160822816;13728104.010000063;77347214;25.704255242318496;48.09467706373205
2018-10;Algarve;6731987.010000017;18084911;1494417.2099999997;7918548;22.198753618807057;43.785385507288375
2018-12;Alentejo;8537575.970000016;26080832;2342203.909999996;13153477;27.434062293913524;50.43350227477406
2019-02;Algarve;6227727.599999992;16615782;1374134.5900000026;7243773;22.064783148190433;43.595739279680004
2019-03;Algarve;6655819.790000006;17704879;1484628.4400000018;7835616;22.30571870696638;44.256817569891325
2019-04;Alentejo;7415750.9600000065;22777578;2008364.569999999;11498280;27.08241661340792;50.4806964111812
2019-05;Lisboa;63845084.82000005;188949662;16114166.53000001;91157513;25.23947861519968;48.244337690320926
2019-05;Alentejo;9354034.400000006;28430949;2532424.479999998;14386694;27.073072128107594;50.6022292818998
2019-05;Algarve;6884727.690000021;18411329;1542581.520000001;8176954;22.405846526661918;44.4126222501374
2019-07;Alentejo;8194330.999999995;25168676;2205874.2100000028;12643525;26.91951557729367;50.23516135691841
2019-07;Algarve;7437395.03000001;20061643;1651661.6000000027;8811639;22.207528218384827;43.92281828562098
2019-08;Norte;51601963.210000835;158339877;13479300.870000016;80671480;26.121682260700556;50.948302808142266
2019-09;Norte;51797615.55000042;158003730;13423695.01999997;80087490;25.91566209653421;50.687088209879605
2019-09;Centro;41748867.12000009;124244697;10070949.54000004;59330113;24.122689391912818;47.75263204996186
2019-10;Norte;58463328.450000376;174740814;14839149.059999956;88269006;25.38197781997795;50.514246774654495
2019-10;Centro;46752030.980000086;136535744;11065526.80000006;64850208;23.668547800059745;47.496872320848084
2019-10;Alentejo;8165255.960000015;24449596;2172311.559999987;12356879;26.60432900868895;50.54021751525056
2019-10;Algarve;7216372.919999996;18889489;1566954.71;8352258;21.71388213124663;44.21643168854382
2019-11;Lisboa;61330722.380000085;175222869;15089707.83999996;85030138;24.603831904188862;48.52684954039875
2019-11;Alentejo;7789943.139999983;23240714;2068365.6400000013;11735751;26.551742455979028;50.496516587227056
2020-02;Norte;54350021.810000755;160966647;13786911.210000018;80629075;25.36689177089371;50.090547639971646
2020-03;Alentejo;9884431.219999904;29249064;2575196.3300000117;14755726;26.053055281414938;50.44854084903366
2020-03;Algarve;8873528.220000003;23013181;1914269.430000004;10253948;21.572810527445455;44.55684766047771
2020-04;Alentejo;7323837.420000005;22126473;1962757.6100000043;11350431;26.799579202018975;51.297967823430334
2020-05;Centro;39266368.23000063;115718759;9426250.160000013;55185630;24.005912909455397;47.68944160557408
2020-06;Lisboa;55292560.70000019;162024930;15422765.77000003;87304360;27.89302136625403;53.88328820756164
2020-06;Algarve;6542548.319999981;17519026;1638947.4600000002;8639012;25.05059771572318;49.31217066519565
2020-07;Centro;45631572.47000042;135852677;11017554.020000035;64262817;24.144585478055372;47.30331298513904
2020-08;Norte;49660546.520000294;150360513;12779599.559999919;75879711;25.73390841531126;50.46518496515105
2020-09;Lisboa;57607616.5000003;165375187;14161732.469999935;79316165;24.583090449506557;47.96134561589339
2020-11;Algarve;7091765.850000015;18477929;1570335.5600000005;8205514;22.143082459497688;44.40710861049417
2021-01;Lisboa;62314666.0;179527617;15578447.0;86597126;25.0;48.199999999999996
2021-02;Lisboa;56522067.0;163306527;14248917.0;79131140;25.2;48.5
2021-03;Centro;46696551.0;136972005;11423337.39;65001244;24.4629145951272;47.4558607797265
2021-04;Alentejo;7730616.82;22946318;2065979.52;11494350;26.724640065655198;50.092350328274904
2021-05;Lisboa;61935671.09;177703528;15554754.67;85994599;25.114371728364798;48.3921731705856
2021-06;Centro;44730820.06;129686112;10900266.61;61760354;24.3685820992748;47.622951330363
2021-06;Algarve;7341355.92;19264124;1660172.57;8629207;22.6139774190379;44.794183218505005
2021-08;Algarve;7744422.57;20252662;1732176.79;8977036;22.3667649116931;44.325215124806796
2021-09;Lisboa;61900699.16;175603794;15333692.12;84642920;24.7714360711269;48.201077022288004
2021-10;Algarve;7599226.88;19489230;1664421.67;8671543;21.9025131935527;44.4940256746932
2021-11;Norte;63578619.91;178654164;15731167.61;90001511;24.7428579485817;50.37750533483229
2022-02;Norte;57651633.67;164799316;14522959.62;83161615;25.1908899982435;50.4623544675392
2022-02;Alentejo;7730328.07;22330079;1999701.47;11150436;25.868261371215;49.9346016644187
2022-03;Algarve;8305564.06;21434772;1867650.41;9618964;22.4867377640815;44.8755134880838
2011-01;Centro;43011746.339999996;104508469;9870294.310000002;33843564;22.95;32.38
2011-02;Algarve;6308229.980000001;13466438;1437292.7899999998;4310131;22.78;32.01
2011-02;Centro;42022227.1;101541831;9704157.35;33428033;23.09;32.92
2011-03;Alentejo;9255034.53;22528411;2398158.4600000004;8179302;25.91;36.31
2011-03;Centro;46968000.24000001;113725942;10883577.17;37816820;23.17;33.25
2011-03;Lisboa;64185353.45999999;151919605;14666164.89;52857398;22.85;34.79
2011-03;Norte;54983620.18999999;132762908;13522355.27;47446867;24.59;35.74
2011-04;Centro;42401316.129999995;102982330;9635427.68;34360171;22.72;33.37
2011-05;Norte;56075866.42;135662243;13646570.990000002;49517005;24.34;36.5
2011-06;Alentejo;9300041.399999999;22400087;2348128.21;8283366;25.25;36.98
2011-07;Algarve;7873682.879999998;16890892;1697904.8;5516547;21.56;32.66
2011-08;Algarve;7421524.4399999995;15958593;1592979.2200000002;5305942;21.46;33.25
2011-12;Lisboa;66925799.57000001;161599030;14451773.420000004;62731739;21.59;38.82
2011-12;Norte;57074587.500000015;142863196;13286768.000000002;57342087;23.28;40.14
2012-01;Alentejo;8640514.250000002;21794743;2078240.7000000004;8843762;24.05;40.58
2012-01;Algarve;6461501.1;14138165;1378092.3599999999;5076484;21.33;35.91
2012-02;Algarve;6260730.370000001;13781460;1296057.6099999999;4974052;20.7;36.09
2012-02;Centro;41921302.1;107430107;9156559.82;40623902;21.84;37.81
2012-02;Norte;49912513.3;128201736;11534036.949999997;52406894;23.11;40.88
2012-03;Norte;52670372.080000006;139288414;12034083.66;57653658;22.85;41.39
2012-04;Centro;39528770.53999999;107317367;8343303.579999998;41219868;21.11;38.41
2012-04;Lisboa;53994858.42999999;142575990;11239976.879999999;57295128;20.82;40.19
2012-05;Lisboa;57933551.15000001;158427592;11881644.47;64054950;20.51;40.43
2012-06;Alentejo;7087129.180000001;19977440;1565378.45;8544870;22.09;42.77
2012-06;Centro;37953115.809999995;106327986;7730371.42;42119530;20.37;39.61
2012-08;Norte;43262616.32000001;133128218;9070197.440000001;57629380;20.97;43.29
2012-12;Alentejo;6750490.89;20894254;1488565.75;9344224;22.05;44.72
2013-01;Norte;46224309.260000005;142798500;10301278.18;64398619;22.29;45.1
2013-02;Algarve;5233180.87;13999252;1053037.66;5778624;20.12;41.28
2013-02;Norte;41670380.32;129434496;9558795.9;58999620;22.94;45.58
2013-03;Alentejo;6877117.1899999995;21238281;1594421.35;9702755;23.18;45.69
2013-03;Lisboa;50628914.220000006;149995027;11168490.75;67281586;22.06;44.86
2013-04;Algarve;6181615.299999999;16332646;1235293.8599999999;6694278;19.98;40.99
2013-05;Alentejo;7952386.609999999;24113047;1890475.0000000002;11107426;23.77;46.06
2013-05;Centro;41795124.1;125990751;9139193.920000002;54269929;21.87;43.07
2013-06;Lisboa;52717426.50000001;154831347;11946328.74;69498651;22.66;44.89
2013-07;Lisboa;58827045.14000001;174831520;13489493.04;78322700;22.93;44.8
2013-07;Norte;49416476.870000005;153099699;11892082.650000002;70521065;24.07;46.06
2013-08;Centro;37537044.089999996;114456529;8433820.55;49545760;22.47;43.29
2013-09;Lisboa;52475750.56;153764968;12060801.979999999;68731636;22.98;44.7
2013-09;Norte;45931672.3;140784897;11076299.239999998;64501958;24.11;45.82
2013-10;Centro;42684665.18000001;128639104;9495633.100000001;55527358;22.25;43.17
2013-11;Norte;48908117.04;150109528;11917860.5;70011509;24.37;46.64
2013-12;Algarve;6037507.45;16085864;1263340.44;6766150;20.92;42.06
2014-01;Alentejo;7824187.63;24616258;2009701.46;11681622;25.69;47.45
2014-01;Algarve;6249033.300000001;16843498;1324023.15;7049509;21.19;41.85
2014-04;Alentejo;7089014.559999999;22171230;1835807.7599999998;10723899;25.9;48.37
2014-05;Centro;40538296.830000006;126056349;9480294.25;56578083;23.39;44.88
2014-06;Alentejo;7064054.410000001;22235598;1820544.6100000003;10756741;25.77;48.38
2014-06;Norte;44424457.379999995;140857258;11253837.210000003;67619253;25.33;48.01
2014-07;Alentejo;7664923.86;24410081;1980685.7200000004;11781467;25.84;48.26
2014-07;Norte;49446851.92999999;158585893;12578703.49;76128520;25.44;48.0
2014-09;Algarve;6157631.74;16815630;1299759.01;7180949;21.11;42.7
2014-11;Lisboa;54549234.85000001;163148056;12992878.720000003;76569344;23.82;46.93
2014-11;Norte;47161758.69000001;148743292;11898900.45;72453405;25.23;48.71
2014-12;Centro;40646284.6;124509675;9408314.610000001;56513138;23.15;45.39
2014-12;Norte;49245409.559999995;154049416;12395554.250000004;74735926;25.17;48.51
2015-02;Algarve;5717793.5;15449553;1220519.26;6647720;21.35;43.03
2015-06;Norte;46414061.37;147343395;11799686.469999997;71502839;25.42;48.53
2015-08;Alentejo;6744715.789999997;21528263;1766004.4799999997;10525181;26.18;48.89
2015-09;Algarve;6171275.519999999;16854417;1311797.6899999997;7208262;21.26;42.77
2015-10;Norte;51744826.48000001;162269135;12932606.44;78505759;24.99;48.38
2015-11;Algarve;6063684.799999999;16287395;1269566.5199999998;6936863;20.94;42.59
2016-01;Norte;48427431.14;151790321;12336029.74;74348176;25.47;48.98
2016-01;Centro;39817164.660000004;121654473;9395024.790000001;55941954;23.6;45.98
2016-01;Lisboa;56398451.21000002;167331128;13739000.13;79080123;24.36;47.26
2016-03;Lisboa;58101491.04000001;176676581;14406802.09;83337573;24.8;47.17
2016-04;Norte;48777047.13;157126556;12714430.35;77046956;26.07;49.03
2016-04;Centro;39324828.95;123135615;9454235.08;56569429;24.04;45.94
2016-06;Centro;38875238.16;121526485;9275510.670000002;55745524;23.86;45.87
2016-07;Algarve;6340100.69;17263076;1340793.14;7339713;21.15;42.52
2016-09;Alentejo;7123097.200000001;22628107;1888593.530000001;11096787;26.51;49.04
2016-10;Norte;50263991.29000001;159150638;12684404.18;77964264;25.24;48.99
2016-10;Alentejo;7278526.37;22899724;1907439.99;11239932;26.21;49.08
2016-10;Algarve;6123391.720000002;16486947;1273256.78;7025410;20.79;42.61
2017-01;Norte;51375648.080000006;161262573;13055082.4;78890625;25.41;48.92
2017-02;Algarve;5644923.340000001;15259648;1178320.21;6426089;20.87;42.11
2017-03;Norte;52993851.68999999;167531306;13388027.86;81638724;25.26;48.73
2017-03;Centro;43369941.82;133511241;10112118.79;60863071;23.32;45.59
2017-03;Alentejo;7956461.43;24723335;2037275.81;11953409;25.61;48.35
2017-04;Lisboa;52625673.69999999;157955917;12924057.62;74554360;24.56;47.2
2017-05;Norte;50782137.44000003;162172256;13179533.46;80199536;25.95;49.45
2017-05;Centro;41744514.75;129249955;9954642.47;59837558;23.85;46.3
2017-06;Algarve;6212961.800000016;16953975;1332703.7399999995;7293564;21.45;43.02
2017-09;Centro;39815695.76000001;123326003;9554721.899999995;57349742;24.0;46.5
2017-10;Algarve;6286081.399999982;17110451;1344690.15;7375340;21.39;43.1
2018-01;Norte;53605469.68;167253965;14017978.379999977;83151818;26.1502762006953;49.71590240028092
2018-02;Centro;29388984.31;89077850;7033100.0;41239978;23.931075418645527;46.29655744946696
2018-03;Lisboa;58842630.92999998;176462285;14860725.860000048;84421918;25.25503300095228;47.84133788134955
2018-03;Algarve;6401890.020000011;17327500;1419855.5699999933;7563065;22.178693566497586;43.64775645649978
2018-04;Norte;55912027.12;175964096;14778727.0;88045060;26.432107296488233;50.03580957788116
2018-04;Centro;30771863.88;93638300;7386022.91;43602672;24.00252041541268;46.56499744228591
2018-04;Algarve;6152882.3;16703984;1368334.43;7308669;22.238917685781182;43.75404693874228
2018-05;Lisboa;58638507.27000001;175990002;14869810.890000068;84247249;25.358440353081086;47.8704744829766
2018-05;Alentejo;7588049.9099999815;23548703;2076544.3399999992;11835649;27.365981571410146;50.26030096009959
2018-06;Alentejo;7333051.729999964;22970358;2021779.6000000124;11602948;27.570780548687363;50.512699889135384
2018-07;Norte;52537111.70000089;166237921;13887450.160000004;83178731;26.43360038385926;50.03595479276958
2018-08;Lisboa;51534771.24000019;155763028;13243237.919999955;75183563;25.69767479577136;48.26791310194612
2018-11;Centro;32898524.749999966;98836338;7884002.460000007;46181117;23.96460789628573;46.72483616299098
2018-12;Algarve;6320359.579999992;16869951;1400564.3399999982;7396206;22.15956738334815;43.8424865608679
2019-01;Lisboa;64197809.45999981;188153995;16145821.009999987;89948618;25.15011204558324;47.80585073412871
2019-03;Norte;53152147.73000016;161948152;13814169.439999988;81640831;25.989861237917555;50.411708927681985
2019-03;Centro;42368394.97000016;126113911;10220342.609999994;59767219;24.122562625364317;47.3914562843111
2019-03;Lisboa;59320000.38000039;174376979;14918074.389999988;84074261;25.148473186843713;48.214082777520765
2019-04;Norte;52023799.38000009;159895129;13600970.480000049;80837700;26.143746981364792;50.55669957275559
2019-04;Centro;41850781.85000007;125748590;10195107.679999994;59931964;24.360614615375408;47.6601479189548
2019-05;Norte;62975259.640000135;193071696;16420486.659999996;97446269;26.0745041050536;50.47154555476635
2019-07;Norte;57490992.16000009;178320030;15005865.050000047;89782137;26.101245579895423;50.3488794837013
2019-08;Lisboa;54209096.980000146;160418933;13753431.520000003;78439865;25.371076601910897;48.89688737675372
2020-03;Centro;54829935.920000456;159733902;12897259.739999963;75920868;23.522295847322695;47.52958955450797
2020-06;Alentejo;7362973.979999962;22356587;2142921.3000000003;12179014;29.10401837383664;54.476177423682785
2020-08;Alentejo;7151824.710000013;21596237;1910963.1399999943;10814620;26.719938162466384;50.07640914479684
2020-09;Algarve;6952129.99000001;18256499;1531717.9799999988;8031250;22.032355295473938;43.991183632743606
2020-11;Alentejo;7852116.410000007;23352318;2086470.3399999924;11756704;26.57207599906164;50.34491222670058
2020-12;Algarve;6970416.46;18407006;1568151.77;8245667;22.4972464557735;44.796350911169405
2020-12;Alentejo;7818241.41;23350215;2098541.46;11799600;26.8416047797634;50.5331535491215
2021-01;Centro;44716683.0;130767027;10852854.0;62121172;24.3;47.5
2021-02;Centro;41448191.0;121543188;10114085.0;57844693;24.4;47.599999999999994
2021-03;Norte;58892486.28;175703688;15223167.08;88394761;25.849082016375704;50.308995790686
2021-03;Alentejo;8163960.05;24432945;2191749.36;12231399;26.8466448460879;50.061091694022195
2021-05;Algarve;7206385.22;18952921;1630442.0;8505957;22.6249631434496;44.8793988008497
2021-06;Lisboa;60840395.02;174100734;15234696.59;84292680;25.040430104031902;48.4160394177316
2021-07;Centro;47996351.35;139057984;11636970.04;66119231;24.2455305719817;47.5479574045889
2021-07;Alentejo;8314861.87;24542152;2206278.45;12303348;26.5341563635621;50.1314962110902
2021-08;Centro;45289151.9;130943296;11010875.15;62387197;24.3123898065311;47.6444376350508
2021-10;Norte;61725125.58;175537893;15370470.88;88193261;24.9014817476213;50.24172245248501
2021-10;Alentejo;8185260.93;23733837;2135385.96;11833533;26.088184338431404;49.8593337436336
2022-01;Lisboa;65694263.22;182856917;16033507.48;88311790;24.4062520745628;48.2955698088249
2022-01;Centro;47500297.9;134656899;11320974.0;63981301;23.8334800001328;47.514313395855
2011-01;Algarve;6321402.15;13618522;1436135.96;4333657;22.72;31.82
2011-04;Lisboa;58350075.61000001;138944475;13115124.7;48762925;22.48;35.1
2011-04;Norte;49774192.32000001;120722527;11995957.37;43389638;24.1;35.94
2011-05;Centro;48211029.449999996;116522625;11055348.77;39305390;22.93;33.73
2011-09;Centro;46387716.190000005;114936616;10459305.769999998;41137710;22.55;35.79
2011-09;Lisboa;60577956.02;145549285;13478379.739999995;55323316;22.25;38.01
2011-10;Lisboa;62721630.26;148026054;13381287.450000001;56317825;21.33;38.05
2011-12;Alentejo;9292343.780000001;22895982;2235229.8000000003;9138261;24.05;39.91
2011-12;Algarve;7231633.330000002;15502483;1520853.4800000002;5435706;21.03;35.06
2012-02;Lisboa;57331824.50000001;142356945;12282958.55;56482302;21.42;39.68
2012-03;Lisboa;61672025.24999999;156471822;13074835.980000002;62592679;21.2;40.0
2012-06;Lisboa;51241316.05;140368713;10434893.55;58280710;20.36;41.52
2012-07;Centro;38285484.17;111986769;7592248.090000001;44389435;19.83;39.64
2012-08;Alentejo;7114841.72;21772405;1490406.4499999997;9403122;20.95;43.19
2012-09;Centro;36169646.34;110726448;7001798.33;44672348;19.36;40.34
2012-09;Lisboa;48077737.63000001;141832516;9451225.75;60418575;19.66;42.6
2012-10;Algarve;5988158.97;15710462;1080497.6699999997;6152699;18.04;39.16
2012-10;Norte;48624349.03999999;147882775;10016484.89;64663313;20.6;43.73
2012-11;Lisboa;51057445.73;150206553;10375617.99;65216988;20.32;43.42
2012-12;Centro;36696676.74999999;111335608;7314406.279999998;46201187;19.93;41.5
2012-12;Norte;44413197.71;136581261;9542867.23;60852987;21.49;44.55
2013-01;Centro;38686864.51;118472099;7999196.7;49859400;20.68;42.09
2013-03;Centro;36277724.59;111022068;7778342.66;47541338;21.44;42.82
2013-03;Norte;43491612.05;134881311;10056900.32;61779971;23.12;45.8
2013-07;Algarve;6566086.010000001;17613929;1370099.5599999998;7345492;20.87;41.7
2013-08;Algarve;6407585.149999999;16992444;1329739.56;7027328;20.75;41.36
2013-09;Algarve;6033968.04;15871839;1253366.5;6512710;20.77;41.03
2013-10;Norte;51679637.06;158036471;12377303.83;72701975;23.95;46.0
2013-11;Algarve;6176896.85;16203932;1276862.0899999999;6721201;20.67;41.48
2014-01;Lisboa;59601040.739999995;177426085;14121376.780000003;81022826;23.69;45.67
2014-02;Alentejo;7050309.540000001;22038536;1782267.8499999996;10396270;25.28;47.17
2014-02;Norte;45662788.27000001;142776073;11355313.920000004;66888478;24.87;46.85
2014-04;Lisboa;54198590.26999999;162943093;13122046.07;76335825;24.21;46.85
2014-06;Centro;37432258.35;116429452;8735343.669999998;52213625;23.34;44.85
2014-08;Norte;43283647.42;138334569;11056870.53;66872080;25.55;48.34
2014-09;Lisboa;53773770.959999986;163259514;12988977.52;76354635;24.15;46.77
2014-10;Lisboa;59374582.900000006;177245309;14058076.919999998;82563845;23.68;46.58
2014-11;Alentejo;7110888.999999999;22543265;1831057.9499999997;10999379;25.75;48.79
2014-11;Algarve;5844153.3;15754514;1227822.7599999998;6791582;21.01;43.11
2014-12;Lisboa;57701951.81;172264263;13813993.15;80969367;23.94;47.0
2015-01;Alentejo;7574527.279999999;23824359;1981999.3999999997;11621692;26.17;48.78
2015-01;Algarve;6200593.68;16730752;1334502.74;7246063;21.52;43.31
2015-01;Lisboa;58480244.77;173797956;14208316.610000001;81767585;24.3;47.05
2015-02;Lisboa;53575355.94000001;160789467;12901104.970000003;75000242;24.08;46.64
2015-03;Lisboa;57853921.180000015;174735198;13921514.31;81619868;24.06;46.71
2015-03;Norte;48952359.1;155313896;12401855.510000002;75149709;25.33;48.39
2015-04;Norte;48016312.48000001;152111143;12164734.350000003;73849942;25.33;48.55
2015-05;Lisboa;55457457.51;167215641;13429725.420000002;78198570;24.22;46.77
2015-06;Alentejo;7156692.409999999;22838272;1863139.6799999997;11119871;26.03;48.69
2015-07;Alentejo;7649285.789999998;24562011;2002166.9400000004;11960949;26.17;48.7
2015-07;Centro;41621048.78999999;129874398;9790382.759999998;58848397;23.52;45.31
2015-08;Centro;37282107.18;116040463;8767178.31;52723248;23.52;45.44
2015-08;Lisboa;48616734.53000001;148506340;12023804.829999996;70402286;24.73;47.41
2015-09;Norte;47493261.03999999;151856190;12169681.740000002;73772124;25.62;48.58
2015-11;Alentejo;7156271.79;22538046;1861874.5599999998;11009607;26.02;48.85
2016-02;Alentejo;7100306.34;22370214;1884718.73;11036831;26.54;49.34
2016-03;Alentejo;7454137.009999999;23572463;1985632.409999999;11586236;26.64;49.15
2016-04;Algarve;6043709.059999999;16638477;1302032.05;7137479;21.54;42.9
2016-05;Norte;49272624.3;158333356;12753894.14;77621156;25.88;49.02
2016-05;Alentejo;7411072.790000002;23503261;1963405.55;11550604;26.49;49.14
2016-05;Algarve;6175028.74;16885319;1324956.19;7251552;21.46;42.95
2016-07;Centro;38915800.61999999;122107319;9289240.459999999;56073113;23.87;45.92
2016-08;Lisboa;49959715.400000006;152929546;12379770.81;72450297;24.78;47.37
2016-09;Norte;47672958.68;154076803;12327800.78;75674181;25.86;49.11
2016-09;Centro;39461062.19;123362330;9364959.389999999;56629300;23.73;45.9
2016-11;Algarve;6177349.180000001;16647185;1275472.550000001;7038101;20.65;42.28
2016-12;Lisboa;57569002.80999998;170970904;13809337.13;79932035;23.99;46.75
2017-01;Alentejo;7549559.670000001;23604224;1958195.66;11466039;25.94;48.58
2017-02;Centro;36913403.11;113712564;8625496.47;51925387;23.37;45.66
2017-04;Centro;37137732.68;114219313;8799230.57;52772661;23.69;46.2
2017-04;Algarve;5853930.159999998;15769461;1240645.48;6757647;21.19;42.85
2017-07;Norte;49992470.23999985;160788111;12976298.880000023;79603649;25.96;49.51
2017-07;Algarve;6480493.149999986;17756805;1391690.3099999984;7664895;21.48;43.17
2017-08;Norte;47208608.93000014;150923880;12301626.00000001;75010882;26.06;49.7
2017-08;Centro;39592361.12000004;122631200;9496282.649999987;57033514;23.99;46.51
2017-08;Alentejo;7112161.249999998;22354284;1904192.299999999;11127474;26.77;49.78
2017-10;Centro;41727505.53000009;127472544;9875614.169999985;59152351;23.66;46.4
2017-11;Centro;42047064.34000019;128517627;9984433.029999934;59740873;23.74;46.48
2017-11;Lisboa;58029911.99000027;173133151;14250759.259999977;81910916;24.55;47.31
2017-11;Alentejo;7502322.709999979;23441139;2004308.0900000064;11631436;26.71;49.61
2017-11;Algarve;6336729.6400000155;17084795;1370092.2899999963;7411520;21.62;43.38
2017-12;Centro;39850703.04000021;120877063;9470786.630000062;56308782;23.76;46.58
2018-01;Centro;43188266.55;131282217;10485937.049999963;61419556;24.279596954557476;46.78436836574751
2018-04;Lisboa;57467485.52;173407362;14540537.84;83157705;25.302199510607714;47.955117960908716
2018-04;Alentejo;8371944.45;26134310;2298967.34;13107464;27.460374990901904;50.154237858202485
2018-05;Norte;51356503.52000025;161303182;13554770.599999975;80755705;26.393484117783082;50.06454553388786
2018-05;Algarve;6479630.339999996;17466164;1447863.7499999967;7685778;22.34485107988425;44.00381217077774
2018-08;Norte;48596292.780000046;153387945;12904670.960000055;77026487;26.554846515598847;50.216780073557935
2018-09;Norte;48793024.71000006;153669534;12949244.520000089;76830698;26.539130535488532;49.99735211014566
2018-09;Centro;39564293.090000436;121522290;9729777.67000003;57042281;24.59232027188464;46.93976800470103
2018-10;Lisboa;62512905.19999995;186292281;15790417.409999996;89268296;25.259452203478794;47.91840838536944
2018-11;Norte;60155785.020000145;186690089;15778940.590000011;93729807;26.230129961322834;50.20609690747965
2018-12;Centro;31927789.100000087;95447285;7604444.229999996;44487813;23.817634870307934;46.60982551782379
2018-12;Lisboa;60488787.65999986;179163433;15336463.23999999;86364668;25.354224862638;48.20440563895647
2019-01;Centro;34107089.060000084;101856249;8153170.7000000095;47227423;23.904621956031534;46.36674083688277
2019-01;Alentejo;9249780.990000017;28209248;2522630.28;14177387;27.2723244228942;50.25794023293354
2019-02;Centro;31045411.170000147;92103128;7340313.180000001;42644642;23.64379437529597;46.30097036443757
2019-02;Alentejo;8412256.340000011;25539240;2272208.0500000003;12756461;27.010684864603128;49.9484753657509
2019-06;Centro;40414142.770000175;120694436;9776257.520000024;57718067;24.19018900298694;47.82164689016816
2019-06;Alentejo;7203389.479999985;22021549;1946417.0899999966;11135840;27.020850328920442;50.56792326461685
2019-08;Centro;42308235.16000025;126188307;10276686.49000008;60461577;24.290038218649297;47.91377144001147
2019-09;Alentejo;7393552.459999981;22561025;1991516.4399999962;11409838;26.935853242055728;50.57322528564194
2019-12;Centro;44634833.88000005;129673470;10586238.19000003;61310518;23.717436069014937;47.28069511828441
2020-01;Norte;58942893.38000045;174877159;15015974.990000034;87791832;25.47546299295686;50.20200036529642
2020-01;Centro;46764872.890000366;136003868;11121042.690000052;64130930;23.780761077141815;47.15375447998288
2020-01;Algarve;7225499.3599999845;18800837;1575990.659999999;8275610;21.811512000466116;44.01724242383464
2020-03;Lisboa;77870108.22999957;224128362;19084854.179999977;108905990;24.508575387657558;48.590900780330514
2020-04;Algarve;6175636.469999999;16180057;1365355.1000000052;7317291;22.108734972219075;45.22413610780234
2020-05;Norte;48408264.92000052;146372329;12488770.589999935;74408175;25.798839538328572;50.83486442304269
2020-05;Alentejo;6966359.529999964;21013228;1869037.5799999952;10654347;26.829473442350526;50.70304762314481
2020-07;Norte;56487661.24000045;172139053;14544274.620000001;86526945;25.747701888745933;50.26572616267385
2020-07;Lisboa;61706479.04000012;181302313;15422765.77000003;87304360;24.993754318736123;48.154024378056334
2020-07;Alentejo;8029629.959999951;24243675;2142921.3000000003;12179014;26.68767191857012;50.23584089458385
2020-08;Lisboa;51140677.07999982;149315639;12825104.179999925;72336414;25.078088348219364;48.445303174170526
2020-09;Centro;43172052.81000055;126697100;10355619.909999993;59931115;23.986860100386924;47.30267306828649
2020-10;Lisboa;63544486.860000186;179161104;15436491.179999975;86067131;24.292416136759925;48.038959951932426
2020-11;Norte;56475369.71000114;165555186;14247240.590000045;83588481;25.227352495714644;50.48979921414241
2020-12;Norte;55810843.57;165706041;14338262.16;83887993;25.6908178462066;50.624583445331396
2021-01;Algarve;7160164.0;18921495;1607719.0;8440197;22.5;44.6
2021-01;Alentejo;7700392.0;22947553;2053558.0;11508315;26.700000000000003;50.2
2021-02;Alentejo;7226466.0;21687210;1932192.0;10897309;26.700000000000003;50.2
2021-04;Norte;55854130.21;166524696;14521068.71;84171845;25.9982004113282;50.546163435122004
2021-04;Centro;44277983.13;129449884;10839727.49;61614532;24.4810777811957;47.5972091253477
2021-04;Algarve;7061621.06;18699743;1609213.35;8390800;22.7881577944654;44.871204914420495
2021-05;Norte;57162661.6;169358906;14804444.92;85748635;25.8988026547735;50.6313113524718
2021-05;Centro;45018451.23;131060669;10992757.32;62448406;24.4183374142256;47.648471869161604
2021-05;Alentejo;7818563.36;23210853;2086028.15;11626937;26.6804533512152;50.0926743192075
2021-06;Norte;55924621.78;164683122;14418296.76;83242501;25.7816616386243;50.5470748848203
2021-06;Alentejo;7740733.19;22955822;2076135.72;11566877;26.8209182391416;50.3875531009083
2021-07;Lisboa;65973266.01;189685009;16505776.12;91972580;25.018885858247703;48.4870051064499
2021-09;Centro;46560520.87;134021005;11189462.22;63499594;24.032081280279698;47.3803296729494
2021-10;Lisboa;66011773.77;183203777;16002162.07;87889978;24.241375676035002;47.9738897522839
2021-12;Centro;48953090.95;138401881;11665637.28;65869555;23.830236362224998;47.5929622661704
2022-01;Algarve;7525685.76;19404796;1678395.21;8725892;22.3022228608174;44.9677079831192
2022-01;Alentejo;8148100.71;23624591;2126280.2;11805035;26.0954089262846;49.9692671928162
2022-02;Lisboa;62335402.16;173762185;15283219.88;83817175;24.5177208302461;48.2367179026898
2022-02;Centro;44997049.14;127278816;10737446.34;60460313;23.8625566458645;47.5022591347801
2022-02;Algarve;7176150.1;18425769;1590627.44;8254665;22.1654705912576;44.7995684739128
2022-03;Norte;66442735.35;189225050;16703587.92;95152906;25.1398257943635;50.285575826245
2022-03;Centro;51680662.66;146310926;12323115.7;69163896;23.8447323732517;47.2718599293125
2011-01;Norte;50668495.559999995;121847323;12370861.959999999;42433137;24.42;34.82
2011-02;Norte;48920063.67;117911058;12031406.72;41813617;24.59;35.46
2011-03;Algarve;6979244.080000001;14896442;1585499.2500000005;4810235;22.72;32.29
2011-05;Algarve;7286886.119999999;15374802;1623785.6200000006;5001925;22.28;32.53
2011-06;Lisboa;64281783.800000004;151218425;14421413.809999999;54239658;22.43;35.87
2011-07;Lisboa;67332188.85;161507368;14856699.02;58452720;22.06;36.19
2011-07;Norte;56115290.15000001;139183619;13416197.87;52154182;23.91;37.47
2011-08;Centro;44216540.489999995;109990703;10023616.479999997;38864749;22.67;35.33
2011-08;Norte;50638430.19;126348683;12183022.02;48664164;24.06;38.52
2011-10;Norte;54955712.27000001;133394749;12607376.610000001;52656246;22.94;39.47
2011-11;Algarve;6767175.52;14442115;1441512.68;5053830;21.3;34.99
2011-11;Centro;45819270.919999994;113314537;10076826.81;41484274;21.99;36.61
2011-11;Lisboa;61845775.59;147785056;13370120.209999999;56847033;21.62;38.47
2011-11;Norte;53363149.57;132109643;12438535.899999999;52837443;23.31;40.0
2011-12;Centro;48029691.97;119334635;10532785.049999999;43909829;21.93;36.8
2012-01;Norte;52711585.93;133472298;12325771.610000003;54316652;23.38;40.7
2012-03;Alentejo;8679342.690000001;22553776;2031822.02;9309730;23.41;41.28
2012-04;Norte;46598295.849999994;127694606;10490259.62;53019908;22.51;41.52
2012-05;Alentejo;8056545.190000001;22822446;1814529.0000000002;9508725;22.52;41.66
2012-05;Algarve;6364005.690000001;15480558;1245826.52;5649103;19.58;36.49
2012-05;Norte;49844016.05;140989796;11035177.249999998;58851252;22.14;41.74
2012-06;Norte;44740837.32;126923122;9797311.589999998;54180190;21.9;42.69
2012-08;Lisboa;47224872.830000006;139596980;9297883.62;59252319;19.69;42.45
2012-09;Alentejo;6727694.66;20796057;1420118.72;9049425;21.11;43.52
2012-10;Centro;40783420.669999994;123282392;7866335.9;50301162;19.29;40.8
2012-11;Norte;45106143.330000006;138634011;9608442.959999999;61514466;21.3;44.37
2012-12;Algarve;5600200.48;14766872;1060742.03;5924655;18.94;40.12
2013-01;Alentejo;7311897.7700000005;22620374;1652571.0;10215539;22.6;45.16
2013-01;Lisboa;52728828.83999998;155718201;11265578.23;69004836;21.37;44.31
2013-02;Alentejo;6465069.8100000005;20107574;1500303.46;9186649;23.21;45.69
2013-02;Lisboa;48139308.25999998;142572174;10561147.280000001;63989813;21.94;44.88
2013-04;Centro;40539592.699999996;122461751;8636296.020000001;52208393;21.3;42.63
2013-04;Norte;48686443.74;148952097;11209561.12;67874314;23.02;45.57
2013-06;Alentejo;6913267.82;21126808;1685621.5299999998;9831969;24.38;46.54
2013-06;Algarve;5794044.79;15337335;1198758.03;6411243;20.69;41.8
2013-08;Alentejo;7022320.71;21713384;1754304.5;10151599;24.98;46.75
2013-09;Centro;38298943.699999996;116091617;8568147.069999998;49825635;22.37;42.92
2013-10;Alentejo;7765019.960000001;23948732;1938194.8499999996;11183045;24.96;46.7
2013-10;Lisboa;60129185.010000005;176138044;13733265.629999997;78974582;22.84;44.84
2013-12;Lisboa;57254522.17;169318527;13448954.55;77199833;23.49;45.59
2013-12;Norte;48451636.489999995;149490205;11984072.61;70147395;24.73;46.92
2014-01;Norte;50919320.81;158666819;12696672.15;74458210;24.93;46.93
2014-03;Alentejo;7405736.08;23111532;1895012.2000000002;11013235;25.59;47.65
2014-03;Algarve;6046300.130000001;16213088;1278201.5299999998;6853639;21.14;42.27
2014-03;Lisboa;56438459.59;169012135;13523074.0;78267680;23.96;46.31
2014-04;Centro;38106915.17;117481965;8883479.290000001;52878508;23.31;45.01
2014-05;Algarve;6139925.160000001;16677363;1316856.58;7119947;21.45;42.69
2014-06;Algarve;5794365.050000002;15816705;1242761.6199999999;6748720;21.45;42.67
2014-08;Centro;36579924.1;113909096;8518551.160000002;51188410;23.29;44.94
2014-09;Alentejo;7241320.85;22987912;1856305.55;11094385;25.63;48.26
2014-10;Centro;42449832.23;130610831;9733150.01;58775245;22.93;45.0
2014-10;Norte;51247452.370000005;160993006;12784054.630000003;77616496;24.95;48.21
2015-02;Alentejo;7022577.909999999;22136028;1826764.09;10759146;26.01;48.6
2015-02;Centro;37682488.31;115952026;8778470.639999999;52225793;23.3;45.04
2015-03;Alentejo;7533229.660000002;23910209;1956483.0500000003;11622321;25.97;48.61
2015-03;Algarve;6186704.49;16753449;1308654.8299999996;7189151;21.15;42.91
2015-03;Centro;40357430.36000001;124657746;9384958.6;56306793;23.25;45.17
2015-05;Algarve;6033281.799999999;16290552;1275099.6900000002;6971583;21.13;42.8
2015-06;Centro;39060278.77;121360788;9169108.8;54934075;23.47;45.27
2015-07;Lisboa;59193149.57000001;180569755;14481088.48;84752835;24.46;46.94
2015-10;Alentejo;7573583.280000001;23960465;1978128.7100000002;11697188;26.12;48.82
2015-10;Centro;42079606.010000005;129097890;9728771.73;58320593;23.12;45.18
2015-11;Centro;40026021.330000006;122783425;9308605.049999999;55750455;23.26;45.41
2015-12;Alentejo;7376362.890000001;22908525;1924673.6699999995;11302065;26.09;49.34
2015-12;Lisboa;58434694.14;173216953;14186207.729999999;82187031;24.28;47.45
2016-01;Algarve;6011064.610000001;16008230;1275509.87;6881628;21.22;42.99
2016-02;Centro;38592554.0;119301789;9206963.759999998;54742324;23.86;45.89
2016-02;Algarve;5889615.610000001;15928197;1255947.23;6830185;21.32;42.88
2016-03;Norte;49920329.19;159427919;12936487.12;77846724;25.91;48.83
2016-03;Algarve;6357106.61;17285491;1374384.62;7420689;21.62;42.93
2016-04;Lisboa;55765265.95;170148182;13789045.2;80055338;24.73;47.05
2016-06;Norte;46721528.1;150391694;12074677.6;73624660;25.84;48.96
2016-06;Algarve;6106136.040000002;16709103;1297332.49;7118311;21.25;42.6
2016-07;Norte;47856150.919999994;154863833;12341976.13;75869818;25.79;48.99
2016-07;Alentejo;7049176.500000002;22407165;1868690.100000001;11008092;26.51;49.13
2016-08;Alentejo;7063031.2299999995;22457833;1874196.05;11045204;26.54;49.18
2016-08;Algarve;6465877.8100000005;17592823;1368500.81;7476968;21.16;42.5
2016-11;Lisboa;57266180.89;171080865;13703893.48;79922645;23.93;46.72
2016-11;Alentejo;7396031.85;23221177;1923722.61;11356746;26.01;48.91
2016-12;Norte;49662580.11;155412767;12524095.31;75900964;25.22;48.84
2017-02;Norte;45499990.76000001;144100438;11530455.82;70259409;25.34;48.76
2017-02;Lisboa;52722890.81000002;158347329;12674235.66;73474860;24.04;46.4
2017-03;Lisboa;61053191.11;182666189;14667632.85;84769920;24.02;46.41
2017-03;Algarve;6603166.420000001;17873815;1377628.58;7526978;20.86;42.11
2017-05;Alentejo;7667763.079999999;23979341;2030977.18;11877248;26.49;49.53
2017-06;Centro;39877716.340000056;123400170;9470516.310000021;57085416;23.75;46.26
2017-06;Lisboa;55351436.770000115;167355241;13601457.68999997;79022926;24.57;47.22
2017-07;Lisboa;57779680.250000104;176396234;14315109.140000056;83646502;24.78;47.42
2017-08;Algarve;6573566.489999985;17887645;1412222.069999996;7678372;21.48;42.93
2017-09;Norte;48658381.08000027;155090928;12646570.26000003;76889318;25.99;49.58
2017-09;Lisboa;54232153.11000007;164181332;13493210.11999997;77857504;24.88;47.42
2017-12;Algarve;5944013.910000014;16045756;1292896.869999998;6989303;21.75;43.55
2018-01;Alentejo;7685987.85;24017212;2107975.8500000113;12003591;27.426218869185583;49.979119141722194
2018-02;Alentejo;8034385.72;24979544;2213828.13;12517713;27.554416817319545;50.111855524664506
2018-03;Centro;41910771.129999824;127983394;10196717.280000038;60150744;24.329586416751003;46.99886611852159
2018-03;Alentejo;7554569.619999996;23623997;2070856.3100000033;11821991;27.411969366429695;50.04229809206291
2018-05;Centro;41578971.75000009;127250901;10193257.31;60004004;24.515414597764742;47.15408969874406
2018-06;Centro;41417965.2300005;127052688;10159315.810000002;59855268;24.528766088782287;47.11058769571251
2018-06;Algarve;6435354.029999992;17420728;1433978.3700000015;7634455;22.282820235144133;43.82397222435251
2018-07;Centro;42737460.78000049;131530928;10486911.41999997;61898796;24.53798430838794;47.06025946992482
2018-07;Algarve;6848111.299999977;18712301;1536607.8200000008;8196552;22.438417728403532;43.803014925850114
2018-08;Centro;40499342.72999986;124391836;9959246.049999993;58526249;24.591130074372018;47.04991169999291
2018-08;Alentejo;7120983.679999985;22337684;1962211.150000005;11228441;27.555338393922696;50.2668092180013
2018-08;Algarve;6742796.98000001;18343581;1502515.0800000012;7966791;22.2832614485747;43.4309473161211
2018-09;Alentejo;6972680.189999972;21958143;1944119.4799999886;11070182;27.881953954925283;50.41492807474658
2018-09;Algarve;6230217.750000006;16879899;1377089.7699999982;7357318;22.103397108391547;43.5862679036172
2018-10;Norte;62177359.84000019;193253755;16258260.62000001;96462901;26.148200344686686;49.91514964353474
2018-10;Centro;33945399.839999974;102560106;8110391.970000016;47563038;23.892462625946262;46.37576915140863
2018-10;Alentejo;9016702.239999965;27995999;2476418.799999997;14064207;27.46479515552913;50.23648914975315
2018-11;Alentejo;8865877.290000016;27480642;2449851.7200000007;13895811;27.632366655505518;50.56581647546662
2018-11;Algarve;6566161.50000003;17548803;1457580.0900000003;7712407;22.19835881283142;43.94833653326668
2019-01;Norte;62794536.67999993;191620679;16295326.539999956;95370540;25.95022975173893;49.77048432231054
2019-02;Norte;57721778.90000008;176251266;14927620.150000053;87398362;25.8613307394101;49.58736693556573
2019-04;Algarve;6552156.970000014;17481432;1466967.7899999982;7759763;22.389081896491792;44.38860043044529
2019-06;Norte;49658026.15999987;151757454;12896926.590000052;76969010;25.971484546014196;50.71843785676584
2019-06;Lisboa;55599074.09000017;164363880;14041526.240000002;79813101;25.254964169494066;48.558783718174574
2019-06;Algarve;6361278.5600000005;16974605;1415186.319999998;7542030;22.246884909250035;44.43125480681288
2019-07;Centro;46398136.19000051;139961538;11237528.120000057;66181766;24.21978347143589;47.2856807275153
2019-08;Alentejo;7371584.5499999635;22432710;1991001.8599999931;11364439;27.00914364469988;50.66012532591916
2019-11;Norte;56039081.19999987;165668320;14199966.120000005;84019894;25.33939853389323;50.71572766597742
2019-12;Alentejo;7785530.869999949;23233771;2070551.2499999963;11734868;26.594862759821154;50.50780607246237
2019-12;Algarve;6851146.939999981;17831488;1482535.3699999948;7817079;21.6392289201142;43.83862412379718
2020-01;Lisboa;64608433.6600005;185141197;15918928.329999968;88808379;24.63908723398673;47.967918777148235
2020-01;Alentejo;8234428.809999971;24484575;2182151.3199999942;12251042;26.500336214577125;50.03575516422074
2020-02;Centro;42880616.67000065;124240673;10141412.059999945;58647599;23.650340987504716;47.20483041813529
2020-02;Alentejo;7557262.479999992;22419375;1997931.8200000061;11219992;26.437242656153025;50.04596247665245
2020-02;Algarve;6798273.329999996;17725046;1473515.089999995;7747503;21.674843279653714;43.70935342001369
2020-04;Centro;39925923.340000376;117450959;9595695.15000006;56620545;24.033746366452775;48.20781837975457
2020-05;Lisboa;52168528.14999997;152438895;13107935.489999965;74399728;25.126136302543877;48.806262994756025
2020-07;Algarve;7346962.720000012;19617737;1638947.4600000002;8639012;22.307823279658585;44.03674083305327
2020-08;Centro;40541842.81999973;120061343;9800420.949999971;56945294;24.173595150848243;47.43016576118093
2020-08;Algarve;6789320.950000018;18033806;1511787.6;7937859;22.267139985479638;44.016548697485156
2020-09;Norte;53685005.25000041;160441455;13684034.090000017;80676945;25.489490084384247;50.28435138536982
2020-10;Centro;46404004.12999998;133288639;10953539.070000008;63060507;23.604728245678682;47.31123933225847
2020-10;Algarve;7214038.100000011;18851688;1589678.9099999997;8335818;22.035909541425866;44.21788648316268
2020-12;Centro;45047318.71;130898315;10883167.35;62355812;24.1594120619305;47.6368332166843
2021-02;Algarve;6545383.0;17321272;1485754.0;7791346;22.7;45.0
2021-03;Lisboa;64126795.49;185431470;16137017.14;89320766;25.164234415107202;48.1691516547865
2021-04;Lisboa;60036883.36;172902785;15099600.77;83586500;25.1505406759009;48.3430616805854
2021-07;Norte;60682559.93;179998559;15693064.9;91139847;25.8609144342339;50.6336536838609
2021-07;Algarve;7883465.04;20790057;1779013.65;9291521;22.566392328417002;44.692138169703
2021-09;Algarve;7554391.09;19680563;1689384.36;8757536;22.3629454693747;44.4984017987697
2021-09;Alentejo;7929825.48;23285609;2093097.47;11676096;26.395252648107498;50.142970278338
2021-10;Centro;48067983.18;135718658;11368278.43;64133211;23.6504169260217;47.2545278188648
2021-11;Lisboa;68427756.42;187670324;16403117.91;90136477;23.9714390302671;48.0291583020872
2021-12;Lisboa;67511637.06;188162576;16501944.19;90949759;24.443110711912;48.3357322871685
2021-12;Alentejo;8317397.49;24080182;2162112.86;12045020;25.995064713445597;50.020469114394594
